ECH;Largeur;Famille;Genre;Espèce;Sexe;Espece_Conc;ITD;Size;Parrain;Coll.;Dét.;ID;Commune;Addresse;Latitude;Longitude;Nombre de nid;Longueur des nids;Largeur trottoir;date observation;photos;hauteur façade en face;Situation des nids;remarque
5;2;Andrenidae;Andrena;barbilabris;female;Andrena_barbilabris;2;10,2;(Kirby 1802);G. Noël;J. Bonnet;5;Ixelles;Rue Wéry 40;50,8309827;4,3759178;50;3;;10.IV.2020;15h00;Pavés grès;Trottoir;Formulaire
5;1,5;Andrenidae;Andrena;barbilabris;female;Andrena_barbilabris;2;10,2;(Kirby 1802);G. Noël;J. Bonnet;5;Ixelles;Rue Wéry 40;50,8309827;4,3759178;50;3;;10.IV.2020;15h00;Pavés grès;Trottoir;Formulaire
5;0,7;Andrenidae;Andrena;barbilabris;female;Andrena_barbilabris;2;10,2;(Kirby 1802);G. Noël;J. Bonnet;5;Ixelles;Rue Wéry 40;50,8309827;4,3759178;50;3;;10.IV.2020;15h00;Pavés grès;Trottoir;Formulaire
5;1,4;Andrenidae;Andrena;barbilabris;female;Andrena_barbilabris;2;10,2;(Kirby 1802);G. Noël;J. Bonnet;5;Ixelles;Rue Wéry 40;50,8309827;4,3759178;50;3;;10.IV.2020;15h00;Pavés grès;Trottoir;Formulaire
5;1,6;Andrenidae;Andrena;barbilabris;female;Andrena_barbilabris;2;10,2;(Kirby 1802);G. Noël;J. Bonnet;5;Ixelles;Rue Wéry 40;50,8309827;4,3759178;50;3;;10.IV.2020;15h00;Pavés grès;Trottoir;Formulaire
5;0,7;Andrenidae;Andrena;barbilabris;female;Andrena_barbilabris;2;10,2;(Kirby 1802);G. Noël;J. Bonnet;5;Ixelles;Rue Wéry 40;50,8309827;4,3759178;50;3;;10.IV.2020;15h00;Pavés grès;Trottoir;Formulaire
8;1,1;Andrenidae;Andrena;barbilabris;female;Andrena_barbilabris;2,6;11,9;(Kirby 1802);G. Noël;J. Bonnet;8;Etterbeek;Rue Dekens entre les numéros 13-15;50,8386476;4,387793;3;7;;10.IV.2020;13h30;Dalles béton;Trottoir;Découverte
8;1,2;Andrenidae;Andrena;barbilabris;female;Andrena_barbilabris;2,6;11,9;(Kirby 1802);G. Noël;J. Bonnet;9;Etterbeek;Rue Dekens entre les numéros 13-16;50,8386476;4,387793;3;7;;10.IV.2021;13h31;Dalles béton;Trottoir;Découverte
8;1;Andrenidae;Andrena;barbilabris;female;Andrena_barbilabris;2,6;11,9;(Kirby 1802);G. Noël;J. Bonnet;10;Etterbeek;Rue Dekens entre les numéros 13-17;50,8386476;4,387793;3;7;;10.IV.2022;13h32;Dalles béton;Trottoir;Découverte
10;1;Andrenidae;Andrena;barbilabris;female;Andrena_barbilabris;3;13;(Kirby 1802);G. Noël;J. Bonnet;10;Schaerbeek;Avenue Maréchal Foch, 2-20;50,8683757;4,3744113;400;50;2;22.IV.2020;13h30;Pavés;Trottoir;Formulaire
10;1;Andrenidae;Andrena;barbilabris;female;Andrena_barbilabris;3;13;(Kirby 1802);G. Noël;J. Bonnet;10;Schaerbeek;Avenue Maréchal Foch, 2-20;50,8683757;4,3744113;400;50;2;22.IV.2020;13h30;Pavés;Trottoir;Formulaire
10;0,5;Andrenidae;Andrena;barbilabris;female;Andrena_barbilabris;3;13;(Kirby 1802);G. Noël;J. Bonnet;10;Schaerbeek;Avenue Maréchal Foch, 2-20;50,8683757;4,3744113;400;50;2;22.IV.2020;13h30;Pavés;Trottoir;Formulaire
10;0,5;Andrenidae;Andrena;barbilabris;female;Andrena_barbilabris;3;13;(Kirby 1802);G. Noël;J. Bonnet;10;Schaerbeek;Avenue Maréchal Foch, 2-20;50,8683757;4,3744113;400;50;2;22.IV.2020;13h30;Pavés;Trottoir;Formulaire
10;1;Andrenidae;Andrena;barbilabris;female;Andrena_barbilabris;3;13;(Kirby 1802);G. Noël;J. Bonnet;10;Schaerbeek;Avenue Maréchal Foch, 2-20;50,8683757;4,3744113;400;50;2;22.IV.2020;13h30;Pavés;Trottoir;Formulaire
10;1,4;Andrenidae;Andrena;barbilabris;female;Andrena_barbilabris;3;13;(Kirby 1802);G. Noël;J. Bonnet;10;Schaerbeek;Avenue Maréchal Foch, 2-20;50,8683757;4,3744113;400;50;2;22.IV.2020;13h30;Pavés;Trottoir;Formulaire
14;1,5;Andrenidae;Andrena;barbilabris;female;Andrena_barbilabris;2,3;12,5;(Kirby 1802);G. Noël;J. Bonnet;14;Etterbeek;Rue Dekens entre les numéros 7-11;50,8387758;4,387673;8;5;;10.IV.2020;13h00;Pavés grès;Trottoir;Découverte
14;1;Andrenidae;Andrena;barbilabris;female;Andrena_barbilabris;2,3;12,5;(Kirby 1802);G. Noël;J. Bonnet;14;Etterbeek;Rue Dekens entre les numéros 7-11;50,8387758;4,387673;8;5;;10.IV.2020;13h00;Pavés grès;Trottoir;Découverte
14;1;Andrenidae;Andrena;barbilabris;female;Andrena_barbilabris;2,3;12,5;(Kirby 1802);G. Noël;J. Bonnet;14;Etterbeek;Rue Dekens entre les numéros 7-11;50,8387758;4,387673;8;5;;10.IV.2020;13h00;Pavés grès;Trottoir;Découverte
14;0,8;Andrenidae;Andrena;barbilabris;female;Andrena_barbilabris;2,3;12,5;(Kirby 1802);G. Noël;J. Bonnet;14;Etterbeek;Rue Dekens entre les numéros 7-11;50,8387758;4,387673;8;5;;10.IV.2020;13h00;Pavés grès;Trottoir;Découverte
14;1;Andrenidae;Andrena;barbilabris;female;Andrena_barbilabris;2,3;12,5;(Kirby 1802);G. Noël;J. Bonnet;14;Etterbeek;Rue Dekens entre les numéros 7-11;50,8387758;4,387673;8;5;;10.IV.2020;13h00;Pavés grès;Trottoir;Découverte
14;0,5;Andrenidae;Andrena;barbilabris;female;Andrena_barbilabris;2,3;12,5;(Kirby 1802);G. Noël;J. Bonnet;14;Etterbeek;Rue Dekens entre les numéros 7-11;50,8387758;4,387673;8;5;;10.IV.2020;13h00;Pavés grès;Trottoir;Découverte
17;1;Andrenidae;Andrena;barbilabris;female;Andrena_barbilabris;2,5;11;(Kirby 1802);G. Noël;J. Bonnet;17;Schaerbeek;Rue du Saphir, à gauche du 32;50,85356618;4,397974931;500;13;3;23.IV.2020;17h00;Pavés grès;Trottoir;Formulaire
17;1,5;Andrenidae;Andrena;barbilabris;female;Andrena_barbilabris;2,5;11;(Kirby 1802);G. Noël;J. Bonnet;17;Schaerbeek;Rue du Saphir, à gauche du 32;50,85356618;4,397974931;500;13;3;23.IV.2020;17h00;Pavés grès;Trottoir;Formulaire
17;2,1;Andrenidae;Andrena;barbilabris;female;Andrena_barbilabris;2,5;11;(Kirby 1802);G. Noël;J. Bonnet;17;Schaerbeek;Rue du Saphir, à gauche du 32;50,85356618;4,397974931;500;13;3;23.IV.2020;17h00;Pavés grès;Trottoir;Formulaire
17;1;Andrenidae;Andrena;barbilabris;female;Andrena_barbilabris;2,5;11;(Kirby 1802);G. Noël;J. Bonnet;17;Schaerbeek;Rue du Saphir, à gauche du 32;50,85356618;4,397974931;500;13;3;23.IV.2020;17h00;Pavés grès;Trottoir;Formulaire
17;0,3;Andrenidae;Andrena;barbilabris;female;Andrena_barbilabris;2,5;11;(Kirby 1802);G. Noël;J. Bonnet;17;Schaerbeek;Rue du Saphir, à gauche du 32;50,85356618;4,397974931;500;13;3;23.IV.2020;17h00;Pavés grès;Trottoir;Formulaire
17;1;Andrenidae;Andrena;barbilabris;female;Andrena_barbilabris;2,5;11;(Kirby 1802);G. Noël;J. Bonnet;17;Schaerbeek;Rue du Saphir, à gauche du 32;50,85356618;4,397974931;500;13;3;23.IV.2020;17h00;Pavés grès;Trottoir;Formulaire
20;1;Andrenidae;Andrena;barbilabris;female;Andrena_barbilabris;2,7;9,9;(Kirby 1802);G. Noël;J. Bonnet;20;Ville de Bruxelles;Rue de l'écuelle, 19;50,8479867;4,3907688;40;5;2;21.IV.2020;13h00;Pavés grès;Trottoir;Formulaire
20;1,5;Andrenidae;Andrena;barbilabris;female;Andrena_barbilabris;2,7;9,9;(Kirby 1802);G. Noël;J. Bonnet;20;Ville de Bruxelles;Rue de l'écuelle, 19;50,8479867;4,3907688;40;5;2;21.IV.2020;13h00;Pavés grès;Trottoir;Formulaire
20;0,5;Andrenidae;Andrena;barbilabris;female;Andrena_barbilabris;2,7;9,9;(Kirby 1802);G. Noël;J. Bonnet;20;Ville de Bruxelles;Rue de l'écuelle, 19;50,8479867;4,3907688;40;5;2;21.IV.2020;13h00;Pavés grès;Trottoir;Formulaire
20;1,7;Andrenidae;Andrena;barbilabris;female;Andrena_barbilabris;2,7;9,9;(Kirby 1802);G. Noël;J. Bonnet;20;Ville de Bruxelles;Rue de l'écuelle, 19;50,8479867;4,3907688;40;5;2;21.IV.2020;13h00;Pavés grès;Trottoir;Formulaire
20;1,5;Andrenidae;Andrena;barbilabris;female;Andrena_barbilabris;2,7;9,9;(Kirby 1802);G. Noël;J. Bonnet;20;Ville de Bruxelles;Rue de l'écuelle, 19;50,8479867;4,3907688;40;5;2;21.IV.2020;13h00;Pavés grès;Trottoir;Formulaire
20;1;Andrenidae;Andrena;barbilabris;female;Andrena_barbilabris;2,7;9,9;(Kirby 1802);G. Noël;J. Bonnet;20;Ville de Bruxelles;Rue de l'écuelle, 19;50,8479867;4,3907688;40;5;2;21.IV.2020;13h00;Pavés grès;Trottoir;Formulaire
23;1;Andrenidae;Andrena;barbilabris;female;Andrena_barbilabris;2,7;9,8;(Kirby 1802);G. Noël;J. Bonnet;23;Watermael-Boitsfort;Rue des touristes, 24;50,807009;4,4040085;20;4;8;17h00;16h00;Pavés grès;Trottoir;Formulaire
23;1,2;Andrenidae;Andrena;barbilabris;female;Andrena_barbilabris;2,7;9,8;(Kirby 1802);G. Noël;J. Bonnet;23;Watermael-Boitsfort;Rue des touristes, 24;50,807009;4,4040085;20;4;8;17h00;16h00;Pavés grès;Trottoir;Formulaire
23;0,5;Andrenidae;Andrena;barbilabris;female;Andrena_barbilabris;2,7;9,8;(Kirby 1802);G. Noël;J. Bonnet;23;Watermael-Boitsfort;Rue des touristes, 24;50,807009;4,4040085;20;4;8;17h00;16h00;Pavés grès;Trottoir;Formulaire
23;0,5;Andrenidae;Andrena;barbilabris;female;Andrena_barbilabris;2,7;9,8;(Kirby 1802);G. Noël;J. Bonnet;23;Watermael-Boitsfort;Rue des touristes, 24;50,807009;4,4040085;20;4;8;17h00;16h00;Pavés grès;Trottoir;Formulaire
23;1,6;Andrenidae;Andrena;barbilabris;female;Andrena_barbilabris;2,7;9,8;(Kirby 1802);G. Noël;J. Bonnet;23;Watermael-Boitsfort;Rue des touristes, 24;50,807009;4,4040085;20;4;8;17h00;16h00;Pavés grès;Trottoir;Formulaire
23;0,7;Andrenidae;Andrena;barbilabris;female;Andrena_barbilabris;2,7;9,8;(Kirby 1802);G. Noël;J. Bonnet;23;Watermael-Boitsfort;Rue des touristes, 24;50,807009;4,4040085;20;4;8;17h00;16h00;Pavés grès;Trottoir;Formulaire
27;1;Andrenidae;Andrena;barbilabris;female;Andrena_barbilabris;3,8;12,5;(Kirby 1802);G. Noël;J. Bonnet;27;Watermael-Boitsfort;Avenue de la tenderie 72;50,8015396;4,406472;2;2;;15.IV.2020;13h00;Dalles béton;Trottoir;Site_Pot
27;0,7;Andrenidae;Andrena;barbilabris;female;Andrena_barbilabris;3,8;12,5;(Kirby 1802);G. Noël;J. Bonnet;27;Watermael-Boitsfort;Avenue de la tenderie 72;50,8015396;4,406472;2;2;;15.IV.2020;13h00;Dalles béton;Trottoir;Site_Pot
29;2;Andrenidae;Andrena;barbilabris;female;Andrena_barbilabris;2,6;10,5;(Kirby 1802);G. Noël;J. Bonnet;29;Schaerbeek;Avenue Maréchal Foch, 7-19;50,8685995;4,3739861;200;40;2;22.IV.2020;13h00;Pavés;Trottoir;Formulaire
29;2;Andrenidae;Andrena;barbilabris;female;Andrena_barbilabris;2,6;10,5;(Kirby 1802);G. Noël;J. Bonnet;29;Schaerbeek;Avenue Maréchal Foch, 7-19;50,8685995;4,3739861;200;40;2;22.IV.2020;13h00;Pavés;Trottoir;Formulaire
29;1,8;Andrenidae;Andrena;barbilabris;female;Andrena_barbilabris;2,6;10,5;(Kirby 1802);G. Noël;J. Bonnet;29;Schaerbeek;Avenue Maréchal Foch, 7-19;50,8685995;4,3739861;200;40;2;22.IV.2020;13h00;Pavés;Trottoir;Formulaire
29;1,7;Andrenidae;Andrena;barbilabris;female;Andrena_barbilabris;2,6;10,5;(Kirby 1802);G. Noël;J. Bonnet;29;Schaerbeek;Avenue Maréchal Foch, 7-19;50,8685995;4,3739861;200;40;2;22.IV.2020;13h00;Pavés;Trottoir;Formulaire
29;1;Andrenidae;Andrena;barbilabris;female;Andrena_barbilabris;2,6;10,5;(Kirby 1802);G. Noël;J. Bonnet;29;Schaerbeek;Avenue Maréchal Foch, 7-19;50,8685995;4,3739861;200;40;2;22.IV.2020;13h00;Pavés;Trottoir;Formulaire
29;0,5;Andrenidae;Andrena;barbilabris;female;Andrena_barbilabris;2,6;10,5;(Kirby 1802);G. Noël;J. Bonnet;29;Schaerbeek;Avenue Maréchal Foch, 7-19;50,8685995;4,3739861;200;40;2;22.IV.2020;13h00;Pavés;Trottoir;Formulaire
31;0,3;Andrenidae;Andrena;barbilabris;female;Andrena_barbilabris;3,3;11,2;(Kirby 1802);G. Noël;J. Bonnet;31;Saint-Gilles;Avenue du Mont Kemmel, 26-32;50,8239736;4,3409383;175;15;3;25.IV.2020;14h30;Pavés;Trottoir;Formulaire
31;1;Andrenidae;Andrena;barbilabris;female;Andrena_barbilabris;3,3;11,2;(Kirby 1802);G. Noël;J. Bonnet;31;Saint-Gilles;Avenue du Mont Kemmel, 26-32;50,8239736;4,3409383;175;15;3;25.IV.2020;14h30;Pavés;Trottoir;Formulaire
31;1,3;Andrenidae;Andrena;barbilabris;female;Andrena_barbilabris;3,3;11,2;(Kirby 1802);G. Noël;J. Bonnet;31;Saint-Gilles;Avenue du Mont Kemmel, 26-32;50,8239736;4,3409383;175;15;3;25.IV.2020;14h30;Pavés;Trottoir;Formulaire
31;1,5;Andrenidae;Andrena;barbilabris;female;Andrena_barbilabris;3,3;11,2;(Kirby 1802);G. Noël;J. Bonnet;31;Saint-Gilles;Avenue du Mont Kemmel, 26-32;50,8239736;4,3409383;175;15;3;25.IV.2020;14h30;Pavés;Trottoir;Formulaire
31;1,6;Andrenidae;Andrena;barbilabris;female;Andrena_barbilabris;3,3;11,2;(Kirby 1802);G. Noël;J. Bonnet;31;Saint-Gilles;Avenue du Mont Kemmel, 26-32;50,8239736;4,3409383;175;15;3;25.IV.2020;14h30;Pavés;Trottoir;Formulaire
31;0,9;Andrenidae;Andrena;barbilabris;female;Andrena_barbilabris;3,3;11,2;(Kirby 1802);G. Noël;J. Bonnet;31;Saint-Gilles;Avenue du Mont Kemmel, 26-32;50,8239736;4,3409383;175;15;3;25.IV.2020;14h30;Pavés;Trottoir;Formulaire
32;1,5;Andrenidae;Andrena;barbilabris;female;Andrena_barbilabris;2,8;10,7;(Kirby 1802);G. Noël;J. Bonnet;32;Saint-Gilles;Avenue des villas, 46;50,8241478;4,3410627;20;5;2;25.IV.2020;15h00;Pavés grès/calcaire;Trottoir;Formulaire
32;0,8;Andrenidae;Andrena;barbilabris;female;Andrena_barbilabris;2,8;10,7;(Kirby 1802);G. Noël;J. Bonnet;32;Saint-Gilles;Avenue des villas, 46;50,8241478;4,3410627;20;5;2;25.IV.2020;15h00;Pavés grès/calcaire;Trottoir;Formulaire
32;0,5;Andrenidae;Andrena;barbilabris;female;Andrena_barbilabris;2,8;10,7;(Kirby 1802);G. Noël;J. Bonnet;32;Saint-Gilles;Avenue des villas, 46;50,8241478;4,3410627;20;5;2;25.IV.2020;15h00;Pavés grès/calcaire;Trottoir;Formulaire
32;1,3;Andrenidae;Andrena;barbilabris;female;Andrena_barbilabris;2,8;10,7;(Kirby 1802);G. Noël;J. Bonnet;32;Saint-Gilles;Avenue des villas, 46;50,8241478;4,3410627;20;5;2;25.IV.2020;15h00;Pavés grès/calcaire;Trottoir;Formulaire
32;1,3;Andrenidae;Andrena;barbilabris;female;Andrena_barbilabris;2,8;10,7;(Kirby 1802);G. Noël;J. Bonnet;32;Saint-Gilles;Avenue des villas, 46;50,8241478;4,3410627;20;5;2;25.IV.2020;15h00;Pavés grès/calcaire;Trottoir;Formulaire
32;0,8;Andrenidae;Andrena;barbilabris;female;Andrena_barbilabris;2,8;10,7;(Kirby 1802);G. Noël;J. Bonnet;32;Saint-Gilles;Avenue des villas, 46;50,8241478;4,3410627;20;5;2;25.IV.2020;15h00;Pavés grès/calcaire;Trottoir;Formulaire
35;3;Andrenidae;Andrena;barbilabris;female;Andrena_barbilabris;3,1;10,2;(Kirby 1802);G. Noël;J. Bonnet;35;Uccle;Rue Baron Perelman, pas de numéro en haut de la rue;50,79459891;4,358488599;100;25;0,5;27.IV.2020;12h00;Pavés grès;Route;Formulaire
35;2,7;Andrenidae;Andrena;barbilabris;female;Andrena_barbilabris;3,1;10,2;(Kirby 1802);G. Noël;J. Bonnet;35;Uccle;Rue Baron Perelman, pas de numéro en haut de la rue;50,79459891;4,358488599;100;25;0,5;27.IV.2020;12h00;Pavés grès;Route;Formulaire
35;3;Andrenidae;Andrena;barbilabris;female;Andrena_barbilabris;3,1;10,2;(Kirby 1802);G. Noël;J. Bonnet;35;Uccle;Rue Baron Perelman, pas de numéro en haut de la rue;50,79459891;4,358488599;100;25;0,5;27.IV.2020;12h00;Pavés grès;Route;Formulaire
35;3;Andrenidae;Andrena;barbilabris;female;Andrena_barbilabris;3,1;10,2;(Kirby 1802);G. Noël;J. Bonnet;35;Uccle;Rue Baron Perelman, pas de numéro en haut de la rue;50,79459891;4,358488599;100;25;0,5;27.IV.2020;12h00;Pavés grès;Route;Formulaire
35;2,7;Andrenidae;Andrena;barbilabris;female;Andrena_barbilabris;3,1;10,2;(Kirby 1802);G. Noël;J. Bonnet;35;Uccle;Rue Baron Perelman, pas de numéro en haut de la rue;50,79459891;4,358488599;100;25;0,5;27.IV.2020;12h00;Pavés grès;Route;Formulaire
35;3;Andrenidae;Andrena;barbilabris;female;Andrena_barbilabris;3,1;10,2;(Kirby 1802);G. Noël;J. Bonnet;35;Uccle;Rue Baron Perelman, pas de numéro en haut de la rue;50,79459891;4,358488599;100;25;0,5;27.IV.2020;12h00;Pavés grès;Route;Formulaire
36;0,5;Andrenidae;Andrena;barbilabris;female;Andrena_barbilabris;3,2;11,4;(Kirby 1802);G. Noël;J. Bonnet;36;Schaerbeek;Rue des chardons, 39;50,8572844;4,3928837;10;2;1;27.IV.2020;16h00;dalles béton;Trottoir;Formulaire
36;0,7;Andrenidae;Andrena;barbilabris;female;Andrena_barbilabris;3,2;11,4;(Kirby 1802);G. Noël;J. Bonnet;36;Schaerbeek;Rue des chardons, 39;50,8572844;4,3928837;10;2;1;27.IV.2020;16h00;dalles béton;Trottoir;Formulaire
36;1;Andrenidae;Andrena;barbilabris;female;Andrena_barbilabris;3,2;11,4;(Kirby 1802);G. Noël;J. Bonnet;36;Schaerbeek;Rue des chardons, 39;50,8572844;4,3928837;10;2;1;27.IV.2020;16h00;dalles béton;Trottoir;Formulaire
36;0,5;Andrenidae;Andrena;barbilabris;female;Andrena_barbilabris;3,2;11,4;(Kirby 1802);G. Noël;J. Bonnet;36;Schaerbeek;Rue des chardons, 39;50,8572844;4,3928837;10;2;1;27.IV.2020;16h00;dalles béton;Trottoir;Formulaire
36;0,5;Andrenidae;Andrena;barbilabris;female;Andrena_barbilabris;3,2;11,4;(Kirby 1802);G. Noël;J. Bonnet;36;Schaerbeek;Rue des chardons, 39;50,8572844;4,3928837;10;2;1;27.IV.2020;16h00;dalles béton;Trottoir;Formulaire
36;0,7;Andrenidae;Andrena;barbilabris;female;Andrena_barbilabris;3,2;11,4;(Kirby 1802);G. Noël;J. Bonnet;36;Schaerbeek;Rue des chardons, 39;50,8572844;4,3928837;10;2;1;27.IV.2020;16h00;dalles béton;Trottoir;Formulaire
37;0,5;Andrenidae;Andrena;barbilabris;female;Andrena_barbilabris;2,9;11,5;(Kirby 1802);G. Noël;J. Bonnet;37;Schaerbeek;Avenue Léon Mahillon, 89;50,8516553;4,3936141;50;3;1;27.IV.2020;17h00;Pavés grès;Trottoir;Formulaire
37;1,5;Andrenidae;Andrena;barbilabris;female;Andrena_barbilabris;2,9;11,5;(Kirby 1802);G. Noël;J. Bonnet;37;Schaerbeek;Avenue Léon Mahillon, 89;50,8516553;4,3936141;50;3;1;27.IV.2020;17h00;Pavés grès;Trottoir;Formulaire
37;1,5;Andrenidae;Andrena;barbilabris;female;Andrena_barbilabris;2,9;11,5;(Kirby 1802);G. Noël;J. Bonnet;37;Schaerbeek;Avenue Léon Mahillon, 89;50,8516553;4,3936141;50;3;1;27.IV.2020;17h00;Pavés grès;Trottoir;Formulaire
37;2,5;Andrenidae;Andrena;barbilabris;female;Andrena_barbilabris;2,9;11,5;(Kirby 1802);G. Noël;J. Bonnet;37;Schaerbeek;Avenue Léon Mahillon, 89;50,8516553;4,3936141;50;3;1;27.IV.2020;17h00;Pavés grès;Trottoir;Formulaire
37;1;Andrenidae;Andrena;barbilabris;female;Andrena_barbilabris;2,9;11,5;(Kirby 1802);G. Noël;J. Bonnet;37;Schaerbeek;Avenue Léon Mahillon, 89;50,8516553;4,3936141;50;3;1;27.IV.2020;17h00;Pavés grès;Trottoir;Formulaire
37;0,7;Andrenidae;Andrena;barbilabris;female;Andrena_barbilabris;2,9;11,5;(Kirby 1802);G. Noël;J. Bonnet;37;Schaerbeek;Avenue Léon Mahillon, 89;50,8516553;4,3936141;50;3;1;27.IV.2020;17h00;Pavés grès;Trottoir;Formulaire
42;1;Andrenidae;Andrena;barbilabris;female;Andrena_barbilabris;3,2;10,5;(Kirby 1802);G. Noël;J. Bonnet;42;Schaerbeek;Avenue Albert Giraud, 71-79;50,8748773;4,3808478;350;35;2;06.V.2020;14h00;pavés grès;Trottoir;Formulaire
42;0,5;Andrenidae;Andrena;barbilabris;female;Andrena_barbilabris;3,2;10,5;(Kirby 1802);G. Noël;J. Bonnet;42;Schaerbeek;Avenue Albert Giraud, 71-79;50,8748773;4,3808478;350;35;2;06.V.2020;14h00;pavés grès;Trottoir;Formulaire
42;1;Andrenidae;Andrena;barbilabris;female;Andrena_barbilabris;3,2;10,5;(Kirby 1802);G. Noël;J. Bonnet;42;Schaerbeek;Avenue Albert Giraud, 71-79;50,8748773;4,3808478;350;35;2;06.V.2020;14h00;pavés grès;Trottoir;Formulaire
42;0,8;Andrenidae;Andrena;barbilabris;female;Andrena_barbilabris;3,2;10,5;(Kirby 1802);G. Noël;J. Bonnet;42;Schaerbeek;Avenue Albert Giraud, 71-79;50,8748773;4,3808478;350;35;2;06.V.2020;14h00;pavés grès;Trottoir;Formulaire
42;1;Andrenidae;Andrena;barbilabris;female;Andrena_barbilabris;3,2;10,5;(Kirby 1802);G. Noël;J. Bonnet;42;Schaerbeek;Avenue Albert Giraud, 71-79;50,8748773;4,3808478;350;35;2;06.V.2020;14h00;pavés grès;Trottoir;Formulaire
42;0,8;Andrenidae;Andrena;barbilabris;female;Andrena_barbilabris;3,2;10,5;(Kirby 1802);G. Noël;J. Bonnet;42;Schaerbeek;Avenue Albert Giraud, 71-79;50,8748773;4,3808478;350;35;2;06.V.2020;14h00;pavés grès;Trottoir;Formulaire
33-1;1;Andrenidae;Andrena;barbilabris;female;Andrena_barbilabris;3;11,5;(Kirby 1802);G. Noël;J. Bonnet;33-1;Saint-Gilles;Avenue Clémentine, 15-33;50,8247898;4,339305;200;30;3;25.IV.2020;14h00;2 types de trottoirs (voir photos);Trottoir;Formulaire
33-1;1,5;Andrenidae;Andrena;barbilabris;female;Andrena_barbilabris;3;11,5;(Kirby 1802);G. Noël;J. Bonnet;33-1;Saint-Gilles;Avenue Clémentine, 15-33;50,8247898;4,339305;200;30;3;25.IV.2020;14h00;2 types de trottoirs (voir photos);Trottoir;Formulaire
33-1;0,7;Andrenidae;Andrena;barbilabris;female;Andrena_barbilabris;3;11,5;(Kirby 1802);G. Noël;J. Bonnet;33-1;Saint-Gilles;Avenue Clémentine, 15-33;50,8247898;4,339305;200;30;3;25.IV.2020;14h00;2 types de trottoirs (voir photos);Trottoir;Formulaire
33-1;1;Andrenidae;Andrena;barbilabris;female;Andrena_barbilabris;3;11,5;(Kirby 1802);G. Noël;J. Bonnet;33-1;Saint-Gilles;Avenue Clémentine, 15-33;50,8247898;4,339305;200;30;3;25.IV.2020;14h00;2 types de trottoirs (voir photos);Trottoir;Formulaire
33-1;0,5;Andrenidae;Andrena;barbilabris;female;Andrena_barbilabris;3;11,5;(Kirby 1802);G. Noël;J. Bonnet;33-1;Saint-Gilles;Avenue Clémentine, 15-33;50,8247898;4,339305;200;30;3;25.IV.2020;14h00;2 types de trottoirs (voir photos);Trottoir;Formulaire
33-1;0,7;Andrenidae;Andrena;barbilabris;female;Andrena_barbilabris;3;11,5;(Kirby 1802);G. Noël;J. Bonnet;33-1;Saint-Gilles;Avenue Clémentine, 15-33;50,8247898;4,339305;200;30;3;25.IV.2020;14h00;2 types de trottoirs (voir photos);Trottoir;Formulaire
33-2;0,8;Andrenidae;Andrena;barbilabris;female;Andrena_barbilabris;3,1;11,9;(Kirby 1802);G. Noël;J. Bonnet;33-1;Saint-Gilles;Avenue Clémentine, 15-33;50,8247898;4,339305;200;30;3;25.IV.2020;14h00;2 types de trottoirs (voir photos);Trottoir;Formulaire
33-2;0,8;Andrenidae;Andrena;barbilabris;female;Andrena_barbilabris;3,1;11,9;(Kirby 1802);G. Noël;J. Bonnet;33-1;Saint-Gilles;Avenue Clémentine, 15-33;50,8247898;4,339305;200;30;3;25.IV.2020;14h00;2 types de trottoirs (voir photos);Trottoir;Formulaire
33-2;1;Andrenidae;Andrena;barbilabris;female;Andrena_barbilabris;3,1;11,9;(Kirby 1802);G. Noël;J. Bonnet;33-1;Saint-Gilles;Avenue Clémentine, 15-33;50,8247898;4,339305;200;30;3;25.IV.2020;14h00;2 types de trottoirs (voir photos);Trottoir;Formulaire
33-2;0,5;Andrenidae;Andrena;barbilabris;female;Andrena_barbilabris;3,1;11,9;(Kirby 1802);G. Noël;J. Bonnet;33-1;Saint-Gilles;Avenue Clémentine, 15-33;50,8247898;4,339305;200;30;3;25.IV.2020;14h00;2 types de trottoirs (voir photos);Trottoir;Formulaire
33-2;0,5;Andrenidae;Andrena;barbilabris;female;Andrena_barbilabris;3,1;11,9;(Kirby 1802);G. Noël;J. Bonnet;33-1;Saint-Gilles;Avenue Clémentine, 15-33;50,8247898;4,339305;200;30;3;25.IV.2020;14h00;2 types de trottoirs (voir photos);Trottoir;Formulaire
33-2;0,5;Andrenidae;Andrena;barbilabris;female;Andrena_barbilabris;3,1;11,9;(Kirby 1802);G. Noël;J. Bonnet;33-1;Saint-Gilles;Avenue Clémentine, 15-33;50,8247898;4,339305;200;30;3;25.IV.2020;14h00;2 types de trottoirs (voir photos);Trottoir;Formulaire
G3;0,8;Andrenidae;Andrena;barbilabris;female;Andrena_barbilabris;2,5;9,7;(Kirby 1802);G. Noël;J. Bonnet;G3;Schaerbeek;Avenue Sleeckx, 76-106;50,874945;4,382368;50;100;3;27.V.2020;14H00;pavés grès;Trottoir;Formulaire
G3;2,3;Andrenidae;Andrena;barbilabris;female;Andrena_barbilabris;2,5;9,7;(Kirby 1802);G. Noël;J. Bonnet;G3;Schaerbeek;Avenue Sleeckx, 76-106;50,874945;4,382368;50;100;3;27.V.2020;14H00;pavés grès;Trottoir;Formulaire
G3;2;Andrenidae;Andrena;barbilabris;female;Andrena_barbilabris;2,5;9,7;(Kirby 1802);G. Noël;J. Bonnet;G3;Schaerbeek;Avenue Sleeckx, 76-106;50,874945;4,382368;50;100;3;27.V.2020;14H00;pavés grès;Trottoir;Formulaire
G3;1;Andrenidae;Andrena;barbilabris;female;Andrena_barbilabris;2,5;9,7;(Kirby 1802);G. Noël;J. Bonnet;G3;Schaerbeek;Avenue Sleeckx, 76-106;50,874945;4,382368;50;100;3;27.V.2020;14H00;pavés grès;Trottoir;Formulaire
G3;1;Andrenidae;Andrena;barbilabris;female;Andrena_barbilabris;2,5;9,7;(Kirby 1802);G. Noël;J. Bonnet;G3;Schaerbeek;Avenue Sleeckx, 76-106;50,874945;4,382368;50;100;3;27.V.2020;14H00;pavés grès;Trottoir;Formulaire
G3;1,5;Andrenidae;Andrena;barbilabris;female;Andrena_barbilabris;2,5;9,7;(Kirby 1802);G. Noël;J. Bonnet;G3;Schaerbeek;Avenue Sleeckx, 76-106;50,874945;4,382368;50;100;3;27.V.2020;14H00;pavés grès;Trottoir;Formulaire
G4;1,8;Andrenidae;Andrena;barbilabris;female;Andrena_barbilabris;3,2;11,3;(Kirby 1802);G. Noël;J. Bonnet;G4;Schaerbeek;Avenue Emile Verhaeren, 49-95;50,874175;4,382072;150;65;3;27.V.2020;15H00;pavés grès;Trottoir;Formulaire
G4;0,5;Andrenidae;Andrena;barbilabris;female;Andrena_barbilabris;3,2;11,3;(Kirby 1802);G. Noël;J. Bonnet;G4;Schaerbeek;Avenue Emile Verhaeren, 49-95;50,874175;4,382072;150;65;3;27.V.2020;15H00;pavés grès;Trottoir;Formulaire
G4;0,7;Andrenidae;Andrena;barbilabris;female;Andrena_barbilabris;3,2;11,3;(Kirby 1802);G. Noël;J. Bonnet;G4;Schaerbeek;Avenue Emile Verhaeren, 49-95;50,874175;4,382072;150;65;3;27.V.2020;15H00;pavés grès;Trottoir;Formulaire
G4;1,5;Andrenidae;Andrena;barbilabris;female;Andrena_barbilabris;3,2;11,3;(Kirby 1802);G. Noël;J. Bonnet;G4;Schaerbeek;Avenue Emile Verhaeren, 49-95;50,874175;4,382072;150;65;3;27.V.2020;15H00;pavés grès;Trottoir;Formulaire
G4;2;Andrenidae;Andrena;barbilabris;female;Andrena_barbilabris;3,2;11,3;(Kirby 1802);G. Noël;J. Bonnet;G4;Schaerbeek;Avenue Emile Verhaeren, 49-95;50,874175;4,382072;150;65;3;27.V.2020;15H00;pavés grès;Trottoir;Formulaire
G4;1;Andrenidae;Andrena;barbilabris;female;Andrena_barbilabris;3,2;11,3;(Kirby 1802);G. Noël;J. Bonnet;G4;Schaerbeek;Avenue Emile Verhaeren, 49-95;50,874175;4,382072;150;65;3;27.V.2020;15H00;pavés grès;Trottoir;Formulaire
G7;0,4;Andrenidae;Andrena;barbilabris;female;Andrena_barbilabris;3,4;11,9;(Kirby 1802);G. Noël;J. Bonnet;G7;Saint-Gilles;Avenue Jef Lambeaux, 32-40;50,823004;4,346454;50;30;2,5;28.V.2020;15H00;pavés grès;Pas de maison_Trottoir;Formulaire
G7;1;Andrenidae;Andrena;barbilabris;female;Andrena_barbilabris;3,4;11,9;(Kirby 1802);G. Noël;J. Bonnet;G7;Saint-Gilles;Avenue Jef Lambeaux, 32-40;50,823004;4,346454;50;30;2,5;28.V.2020;15H00;pavés grès;Pas de maison_Trottoir;Formulaire
G7;1;Andrenidae;Andrena;barbilabris;female;Andrena_barbilabris;3,4;11,9;(Kirby 1802);G. Noël;J. Bonnet;G7;Saint-Gilles;Avenue Jef Lambeaux, 32-40;50,823004;4,346454;50;30;2,5;28.V.2020;15H00;pavés grès;Pas de maison_Trottoir;Formulaire
G7;0,5;Andrenidae;Andrena;barbilabris;female;Andrena_barbilabris;3,4;11,9;(Kirby 1802);G. Noël;J. Bonnet;G7;Saint-Gilles;Avenue Jef Lambeaux, 32-40;50,823004;4,346454;50;30;2,5;28.V.2020;15H00;pavés grès;Pas de maison_Trottoir;Formulaire
G7;0,7;Andrenidae;Andrena;barbilabris;female;Andrena_barbilabris;3,4;11,9;(Kirby 1802);G. Noël;J. Bonnet;G7;Saint-Gilles;Avenue Jef Lambeaux, 32-40;50,823004;4,346454;50;30;2,5;28.V.2020;15H00;pavés grès;Pas de maison_Trottoir;Formulaire
G7;1;Andrenidae;Andrena;barbilabris;female;Andrena_barbilabris;3,4;11,9;(Kirby 1802);G. Noël;J. Bonnet;G7;Saint-Gilles;Avenue Jef Lambeaux, 32-40;50,823004;4,346454;50;30;2,5;28.V.2020;15H00;pavés grès;Pas de maison_Trottoir;Formulaire
G8;1,3;Andrenidae;Andrena;barbilabris;female;Andrena_barbilabris;2,6;11,3;(Kirby 1802);G. Noël;J. Bonnet;G8;Bruxelles;Rue Kindermans, 3;50,823067;4,36609;30;8;2;28.V.2020;16H00;dalles béton;Trottoir;Formulaire
G8;0,5;Andrenidae;Andrena;barbilabris;female;Andrena_barbilabris;2,6;11,3;(Kirby 1802);G. Noël;J. Bonnet;G8;Bruxelles;Rue Kindermans, 3;50,823067;4,36609;30;8;2;28.V.2020;16H00;dalles béton;Trottoir;Formulaire
G8;1,3;Andrenidae;Andrena;barbilabris;female;Andrena_barbilabris;2,6;11,3;(Kirby 1802);G. Noël;J. Bonnet;G8;Bruxelles;Rue Kindermans, 3;50,823067;4,36609;30;8;2;28.V.2020;16H00;dalles béton;Trottoir;Formulaire
G8;2;Andrenidae;Andrena;barbilabris;female;Andrena_barbilabris;2,6;11,3;(Kirby 1802);G. Noël;J. Bonnet;G8;Bruxelles;Rue Kindermans, 3;50,823067;4,36609;30;8;2;28.V.2020;16H00;dalles béton;Trottoir;Formulaire
G8;0,8;Andrenidae;Andrena;barbilabris;female;Andrena_barbilabris;2,6;11,3;(Kirby 1802);G. Noël;J. Bonnet;G8;Bruxelles;Rue Kindermans, 3;50,823067;4,36609;30;8;2;28.V.2020;16H00;dalles béton;Trottoir;Formulaire
G8;2,3;Andrenidae;Andrena;barbilabris;female;Andrena_barbilabris;2,6;11,3;(Kirby 1802);G. Noël;J. Bonnet;G8;Bruxelles;Rue Kindermans, 3;50,823067;4,36609;30;8;2;28.V.2020;16H00;dalles béton;Trottoir;Formulaire
V2;1,5;Andrenidae;Andrena;barbilabris;female;Andrena_barbilabris;3,3;11,3;(Kirby 1802);V. Van Keymeulen;J. Bonnet;V2;Ixelles;Rue Washington, 198-202, présent sur toute la rue ;50,8190362;4,3631752;300;1;3;05.V.2020;14H00;pavés grès;Trottoir;Formulaire
V2;1,5;Andrenidae;Andrena;barbilabris;female;Andrena_barbilabris;3,3;11,3;(Kirby 1802);V. Van Keymeulen;J. Bonnet;V2;Ixelles;Rue Washington, 198-202, présent sur toute la rue ;50,8190362;4,3631752;300;1;3;05.V.2020;14H00;pavés grès;Trottoir;Formulaire
V2;1,8;Andrenidae;Andrena;barbilabris;female;Andrena_barbilabris;3,3;11,3;(Kirby 1802);V. Van Keymeulen;J. Bonnet;V2;Ixelles;Rue Washington, 198-202, présent sur toute la rue ;50,8190362;4,3631752;300;1;3;05.V.2020;14H00;pavés grès;Trottoir;Formulaire
V2;2,2;Andrenidae;Andrena;barbilabris;female;Andrena_barbilabris;3,3;11,3;(Kirby 1802);V. Van Keymeulen;J. Bonnet;V2;Ixelles;Rue Washington, 198-202, présent sur toute la rue ;50,8190362;4,3631752;300;1;3;05.V.2020;14H00;pavés grès;Trottoir;Formulaire
V2;2,1;Andrenidae;Andrena;barbilabris;female;Andrena_barbilabris;3,3;11,3;(Kirby 1802);V. Van Keymeulen;J. Bonnet;V2;Ixelles;Rue Washington, 198-202, présent sur toute la rue ;50,8190362;4,3631752;300;1;3;05.V.2020;14H00;pavés grès;Trottoir;Formulaire
V2;1,2;Andrenidae;Andrena;barbilabris;female;Andrena_barbilabris;3,3;11,3;(Kirby 1802);V. Van Keymeulen;J. Bonnet;V2;Ixelles;Rue Washington, 198-202, présent sur toute la rue ;50,8190362;4,3631752;300;1;3;05.V.2020;14H00;pavés grès;Trottoir;Formulaire
V3;1,5;Andrenidae;Andrena;barbilabris;female;Andrena_barbilabris;3,3;10,4;(Kirby 1802);V. Van Keymeulen;J. Bonnet;V3;Ixelles;Rue Dautzenberg, 66-70, présent sur toute la rue;50,8261312;4,3669257;350;2;2,5;08.V.2020;11H30;pavés grès;Trottoir;Formulaire
V3;2,1;Andrenidae;Andrena;barbilabris;female;Andrena_barbilabris;3,3;10,4;(Kirby 1802);V. Van Keymeulen;J. Bonnet;V3;Ixelles;Rue Dautzenberg, 66-70, présent sur toute la rue;50,8261312;4,3669257;350;2;2,5;08.V.2020;11H30;pavés grès;Trottoir;Formulaire
V3;1,3;Andrenidae;Andrena;barbilabris;female;Andrena_barbilabris;3,3;10,4;(Kirby 1802);V. Van Keymeulen;J. Bonnet;V3;Ixelles;Rue Dautzenberg, 66-70, présent sur toute la rue;50,8261312;4,3669257;350;2;2,5;08.V.2020;11H30;pavés grès;Trottoir;Formulaire
V3;0,9;Andrenidae;Andrena;barbilabris;female;Andrena_barbilabris;3,3;10,4;(Kirby 1802);V. Van Keymeulen;J. Bonnet;V3;Ixelles;Rue Dautzenberg, 66-70, présent sur toute la rue;50,8261312;4,3669257;350;2;2,5;08.V.2020;11H30;pavés grès;Trottoir;Formulaire
V3;1;Andrenidae;Andrena;barbilabris;female;Andrena_barbilabris;3,3;10,4;(Kirby 1802);V. Van Keymeulen;J. Bonnet;V3;Ixelles;Rue Dautzenberg, 66-70, présent sur toute la rue;50,8261312;4,3669257;350;2;2,5;08.V.2020;11H30;pavés grès;Trottoir;Formulaire
V3;1,2;Andrenidae;Andrena;barbilabris;female;Andrena_barbilabris;3,3;10,4;(Kirby 1802);V. Van Keymeulen;J. Bonnet;V3;Ixelles;Rue Dautzenberg, 66-70, présent sur toute la rue;50,8261312;4,3669257;350;2;2,5;08.V.2020;11H30;pavés grès;Trottoir;Formulaire
V5;1;Andrenidae;Andrena;barbilabris;female;Andrena_barbilabris;3,5;12,4;(Kirby 1802);V. Van Keymeulen;J. Bonnet;V5;Uccle;Avenue du lycée français 5, 5a;50,7893569;4,3444865;200;3,2;2,5;21.V.2020;13H30;pavés béton carrés;trottoir_pas d'escalier;Formulaire
V5;1;Andrenidae;Andrena;barbilabris;female;Andrena_barbilabris;3,5;12,4;(Kirby 1802);V. Van Keymeulen;J. Bonnet;V5;Uccle;Avenue du lycée français 5, 5a;50,7893569;4,3444865;200;3,2;2,5;21.V.2020;13H30;pavés béton carrés;trottoir_pas d'escalier;Formulaire
V5;1;Andrenidae;Andrena;barbilabris;female;Andrena_barbilabris;3,5;12,4;(Kirby 1802);V. Van Keymeulen;J. Bonnet;V5;Uccle;Avenue du lycée français 5, 5a;50,7893569;4,3444865;200;3,2;2,5;21.V.2020;13H30;pavés béton carrés;trottoir_pas d'escalier;Formulaire
41;0,5;Andrenidae;Andrena;barbilabris;female;Andrena_barbilabris;2,8;10,5;(Kirby 1802);G. Noël;J. Bonnet;41;Saint-Gilles;Place Louis Morichar en face du 38-39;50,8265883;4,3481797;10;2;1;06.V.2020;13h00;;Trottoir;Contact personnel
41;1;Andrenidae;Andrena;barbilabris;female;Andrena_barbilabris;2,8;10,5;(Kirby 1802);G. Noël;J. Bonnet;41;Saint-Gilles;Place Louis Morichar en face du 38-39;50,8265883;4,3481797;10;2;1;06.V.2020;13h00;;Trottoir;Contact personnel
41;0,8;Andrenidae;Andrena;barbilabris;female;Andrena_barbilabris;2,8;10,5;(Kirby 1802);G. Noël;J. Bonnet;41;Saint-Gilles;Place Louis Morichar en face du 38-39;50,8265883;4,3481797;10;2;1;06.V.2020;13h00;;Trottoir;Contact personnel
41;1,5;Andrenidae;Andrena;barbilabris;female;Andrena_barbilabris;2,8;10,5;(Kirby 1802);G. Noël;J. Bonnet;41;Saint-Gilles;Place Louis Morichar en face du 38-39;50,8265883;4,3481797;10;2;1;06.V.2020;13h00;;Trottoir;Contact personnel
41;0,8;Andrenidae;Andrena;barbilabris;female;Andrena_barbilabris;2,8;10,5;(Kirby 1802);G. Noël;J. Bonnet;41;Saint-Gilles;Place Louis Morichar en face du 38-39;50,8265883;4,3481797;10;2;1;06.V.2020;13h00;;Trottoir;Contact personnel
13;0,8;Andrenidae;Andrena;vaga;female;Andrena_vaga;3,8;14,8;Panzer 1799;G. Noël;G. Noël;13;Uccle;Avenue Bonaparte, 69;50,7862911;4,3623205;50;6;;11.IV.2020;16h00;Dalles béton;Trottoir_Talus;Site_Pot
13;0,6;Andrenidae;Andrena;vaga;female;Andrena_vaga;3,8;14,8;Panzer 1799;G. Noël;G. Noël;13;Uccle;Avenue Bonaparte, 69;50,7862911;4,3623205;50;6;;11.IV.2020;16h00;Dalles béton;Trottoir_Talus;Site_Pot
13;0,7;Andrenidae;Andrena;vaga;female;Andrena_vaga;3,8;14,8;Panzer 1799;G. Noël;G. Noël;13;Uccle;Avenue Bonaparte, 69;50,7862911;4,3623205;50;6;;11.IV.2020;16h00;Dalles béton;Trottoir_Talus;Site_Pot
G1;1;Crabronidae;Cerceris;arenaria;female;Cerceris_arenaria;4,3;13,6;(Linneaus 1758);G. Noël;G. Noël;G1;Watermael-Boitsfort;Rue de l'abreuvoir 2-10 en jonction avec Avenue Jagersveld 7-13;50,796779;4,415359;150;100;2;26.V.2020;15H00;dalles béton;Trottoir_Rue;Formulaire
G1;1,5;Crabronidae;Cerceris;arenaria;female;Cerceris_arenaria;4,3;13,6;(Linneaus 1758);G. Noël;G. Noël;G1;Watermael-Boitsfort;Rue de l'abreuvoir 2-10 en jonction avec Avenue Jagersveld 7-13;50,796779;4,415359;150;100;2;26.V.2020;15H00;dalles béton;Trottoir_Rue;Formulaire
G1;1,3;Crabronidae;Cerceris;arenaria;female;Cerceris_arenaria;4,3;13,6;(Linneaus 1758);G. Noël;G. Noël;G1;Watermael-Boitsfort;Rue de l'abreuvoir 2-10 en jonction avec Avenue Jagersveld 7-13;50,796779;4,415359;150;100;2;26.V.2020;15H00;dalles béton;Trottoir_Rue;Formulaire
G1;1,3;Crabronidae;Cerceris;arenaria;female;Cerceris_arenaria;4,3;13,6;(Linneaus 1758);G. Noël;G. Noël;G1;Watermael-Boitsfort;Rue de l'abreuvoir 2-10 en jonction avec Avenue Jagersveld 7-13;50,796779;4,415359;150;100;2;26.V.2020;15H00;dalles béton;Trottoir_Rue;Formulaire
G1;2,4;Crabronidae;Cerceris;arenaria;female;Cerceris_arenaria;4,3;13,6;(Linneaus 1758);G. Noël;G. Noël;G1;Watermael-Boitsfort;Rue de l'abreuvoir 2-10 en jonction avec Avenue Jagersveld 7-13;50,796779;4,415359;150;100;2;26.V.2020;15H00;dalles béton;Trottoir_Rue;Formulaire
G1;2;Crabronidae;Cerceris;arenaria;female;Cerceris_arenaria;4,3;13,6;(Linneaus 1758);G. Noël;G. Noël;G1;Watermael-Boitsfort;Rue de l'abreuvoir 2-10 en jonction avec Avenue Jagersveld 7-13;50,796779;4,415359;150;100;2;26.V.2020;15H00;dalles béton;Trottoir_Rue;Formulaire
G2;0,5;Crabronidae;Cerceris;arenaria;female;Cerceris_arenaria;3,7;14;(Linneaus 1758);G. Noël;G. Noël;G2;Woluwé-Saint-Lambert;Rue Abbé Jean Heyman, entrée de l'école Princesse Paola;50,8496;4,426647;200;40;5;26.V.2020;16H00;dalles béton;Trottoir;Formulaire
G2;1,3;Crabronidae;Cerceris;arenaria;female;Cerceris_arenaria;3,7;14;(Linneaus 1758);G. Noël;G. Noël;G2;Woluwé-Saint-Lambert;Rue Abbé Jean Heyman, entrée de l'école Princesse Paola;50,8496;4,426647;200;40;5;26.V.2020;16H00;dalles béton;Trottoir;Formulaire
G2;1;Crabronidae;Cerceris;arenaria;female;Cerceris_arenaria;3,7;14;(Linneaus 1758);G. Noël;G. Noël;G2;Woluwé-Saint-Lambert;Rue Abbé Jean Heyman, entrée de l'école Princesse Paola;50,8496;4,426647;200;40;5;26.V.2020;16H00;dalles béton;Trottoir;Formulaire
G5;1;Crabronidae;Cerceris;arenaria;female;Cerceris_arenaria;2,7;11,4;(Linneaus 1758);G. Noël;G. Noël;G5;Schaerbeek;Rue Chaumontel, 3-7;50,8782098;4,3890593;300;100;3;27.V.2020;16H00;pavés grès;Trottoir;Formulaire
G5;1;Crabronidae;Cerceris;arenaria;female;Cerceris_arenaria;2,7;11,4;(Linneaus 1758);G. Noël;G. Noël;G5;Schaerbeek;Rue Chaumontel, 3-7;50,8782098;4,3890593;300;100;3;27.V.2020;16H00;pavés grès;Trottoir;Formulaire
G5;1,8;Crabronidae;Cerceris;arenaria;female;Cerceris_arenaria;2,7;11,4;(Linneaus 1758);G. Noël;G. Noël;G5;Schaerbeek;Rue Chaumontel, 3-7;50,8782098;4,3890593;300;100;3;27.V.2020;16H00;pavés grès;Trottoir;Formulaire
G5;1;Crabronidae;Cerceris;arenaria;female;Cerceris_arenaria;2,7;11,4;(Linneaus 1758);G. Noël;G. Noël;G5;Schaerbeek;Rue Chaumontel, 3-7;50,8782098;4,3890593;300;100;3;27.V.2020;16H00;pavés grès;Trottoir;Formulaire
G5;1;Crabronidae;Cerceris;arenaria;female;Cerceris_arenaria;2,7;11,4;(Linneaus 1758);G. Noël;G. Noël;G5;Schaerbeek;Rue Chaumontel, 3-7;50,8782098;4,3890593;300;100;3;27.V.2020;16H00;pavés grès;Trottoir;Formulaire
G5;0,8;Crabronidae;Cerceris;arenaria;female;Cerceris_arenaria;2,7;11,4;(Linneaus 1758);G. Noël;G. Noël;G5;Schaerbeek;Rue Chaumontel, 3-7;50,8782098;4,3890593;300;100;3;27.V.2020;16H00;pavés grès;Trottoir;Formulaire
G9;0,8;Crabronidae;Cerceris;arenaria;female;Cerceris_arenaria;2,9;13,2;(Linneaus 1758);G. Noël;G. Noël;G9;Ixelles;Avenue George Bergmann, 109;50,8083533;4,3889264;35;11;2;28.V.2020;17H00;dalles béton;Trottoir;Formulaire
G9;2,5;Crabronidae;Cerceris;arenaria;female;Cerceris_arenaria;2,9;13,2;(Linneaus 1758);G. Noël;G. Noël;G9;Ixelles;Avenue George Bergmann, 109;50,8083533;4,3889264;35;11;2;28.V.2020;17H00;dalles béton;Trottoir;Formulaire
G9;1,1;Crabronidae;Cerceris;arenaria;female;Cerceris_arenaria;2,9;13,2;(Linneaus 1758);G. Noël;G. Noël;G9;Ixelles;Avenue George Bergmann, 109;50,8083533;4,3889264;35;11;2;28.V.2020;17H00;dalles béton;Trottoir;Formulaire
V14;0,5;Crabronidae;Cerceris;arenaria;female;Cerceris_arenaria;3,9;15;(Linneaus 1758);V. Van Keymeulen;G. Noël;V14;Uccle;Avenue Guillaume Herinckx, 13;50,7946396;4,3336822;80;4,705882353;1;02.VI.2020;16H30;dalles béton;cour;Formulaire
V14;0,7;Crabronidae;Cerceris;arenaria;female;Cerceris_arenaria;3,9;15;(Linneaus 1758);V. Van Keymeulen;G. Noël;V14;Uccle;Avenue Guillaume Herinckx, 13;50,7946396;4,3336822;80;4,705882353;1;02.VI.2020;16H30;dalles béton;cour;Formulaire
V14;0,6;Crabronidae;Cerceris;arenaria;female;Cerceris_arenaria;3,9;15;(Linneaus 1758);V. Van Keymeulen;G. Noël;V14;Uccle;Avenue Guillaume Herinckx, 13;50,7946396;4,3336822;80;4,705882353;1;02.VI.2020;16H30;dalles béton;cour;Formulaire
V14;0,7;Crabronidae;Cerceris;arenaria;female;Cerceris_arenaria;3,9;15;(Linneaus 1758);V. Van Keymeulen;G. Noël;V14;Uccle;Avenue Guillaume Herinckx, 13;50,7946396;4,3336822;80;4,705882353;1;02.VI.2020;16H30;dalles béton;cour;Formulaire
V14;0,7;Crabronidae;Cerceris;arenaria;female;Cerceris_arenaria;3,9;15;(Linneaus 1758);V. Van Keymeulen;G. Noël;V14;Uccle;Avenue Guillaume Herinckx, 13;50,7946396;4,3336822;80;4,705882353;1;02.VI.2020;16H30;dalles béton;cour;Formulaire
V14;1;Crabronidae;Cerceris;arenaria;female;Cerceris_arenaria;3,9;15;(Linneaus 1758);V. Van Keymeulen;G. Noël;V14;Uccle;Avenue Guillaume Herinckx, 13;50,7946396;4,3336822;80;4,705882353;1;02.VI.2020;16H30;dalles béton;cour;Formulaire
V15;0,7;Crabronidae;Cerceris;arenaria;female;Cerceris_arenaria;2,8;14,3;(Linneaus 1758);V. Van Keymeulen;G. Noël;V15;Anderlecht;Avenue Eugène Ysaye, 65 ;50,8298496;4,2979699;70;2,592592593;3;02.VI.2020;17H30;dalles béton;trottoir;Formulaire
V15;0,7;Crabronidae;Cerceris;arenaria;female;Cerceris_arenaria;2,8;14,3;(Linneaus 1758);V. Van Keymeulen;G. Noël;V15;Anderlecht;Avenue Eugène Ysaye, 65 ;50,8298496;4,2979699;70;2,592592593;3;02.VI.2020;17H30;dalles béton;trottoir;Formulaire
V15;0,7;Crabronidae;Cerceris;arenaria;female;Cerceris_arenaria;2,8;14,3;(Linneaus 1758);V. Van Keymeulen;G. Noël;V15;Anderlecht;Avenue Eugène Ysaye, 65 ;50,8298496;4,2979699;70;2,592592593;3;02.VI.2020;17H30;dalles béton;trottoir;Formulaire
V15;0,7;Crabronidae;Cerceris;arenaria;female;Cerceris_arenaria;2,8;14,3;(Linneaus 1758);V. Van Keymeulen;G. Noël;V15;Anderlecht;Avenue Eugène Ysaye, 65 ;50,8298496;4,2979699;70;2,592592593;3;02.VI.2020;17H30;dalles béton;trottoir;Formulaire
V15;0,8;Crabronidae;Cerceris;arenaria;female;Cerceris_arenaria;2,8;14,3;(Linneaus 1758);V. Van Keymeulen;G. Noël;V15;Anderlecht;Avenue Eugène Ysaye, 65 ;50,8298496;4,2979699;70;2,592592593;3;02.VI.2020;17H30;dalles béton;trottoir;Formulaire
V15;1;Crabronidae;Cerceris;arenaria;female;Cerceris_arenaria;2,8;14,3;(Linneaus 1758);V. Van Keymeulen;G. Noël;V15;Anderlecht;Avenue Eugène Ysaye, 65 ;50,8298496;4,2979699;70;2,592592593;3;02.VI.2020;17H30;dalles béton;trottoir;Formulaire
V17;1,1;Crabronidae;Cerceris;arenaria;female;Cerceris_arenaria;3,1;12,1;(Linneaus 1758);V. Van Keymeulen;G. Noël;V17;Watermael-Boitsfort;Avenue Coloniale, 24-26;50,8036385;4,4049056;250;2,525252525;3;03.VI.2020;13H00;dalles béton;trottoir;Formulaire
V17;1,1;Crabronidae;Cerceris;arenaria;female;Cerceris_arenaria;3,1;12,1;(Linneaus 1758);V. Van Keymeulen;G. Noël;V17;Watermael-Boitsfort;Avenue Coloniale, 24-26;50,8036385;4,4049056;250;2,525252525;3;03.VI.2020;13H00;dalles béton;trottoir;Formulaire
V17;1,1;Crabronidae;Cerceris;arenaria;female;Cerceris_arenaria;3,1;12,1;(Linneaus 1758);V. Van Keymeulen;G. Noël;V17;Watermael-Boitsfort;Avenue Coloniale, 24-26;50,8036385;4,4049056;250;2,525252525;3;03.VI.2020;13H00;dalles béton;trottoir;Formulaire
V18;0,6;Crabronidae;Cerceris;arenaria;male;Cerceris_arenaria;3,3;14,5;(Linneaus 1758);V. Van Keymeulen;G. Noël;V18;Watermael-Boitsfort;Avenue Coloniale, 34;50,8040587;4,405511;70;1,029411765;6;03.VI.2020;13H30;dalles béton;cour-trottoir;Formulaire
V18;3;Crabronidae;Cerceris;arenaria;male;Cerceris_arenaria;3,3;14,5;(Linneaus 1758);V. Van Keymeulen;G. Noël;V18;Watermael-Boitsfort;Avenue Coloniale, 34;50,8040587;4,405511;70;1,029411765;6;03.VI.2020;13H30;dalles béton;cour-trottoir;Formulaire
V18;0,8;Crabronidae;Cerceris;arenaria;male;Cerceris_arenaria;3,3;14,5;(Linneaus 1758);V. Van Keymeulen;G. Noël;V18;Watermael-Boitsfort;Avenue Coloniale, 34;50,8040587;4,405511;70;1,029411765;6;03.VI.2020;13H30;dalles béton;cour-trottoir;Formulaire
V19;0,4;Crabronidae;Cerceris;arenaria;female;Cerceris_arenaria;2,9;14,1;(Linneaus 1758);V. Van Keymeulen;G. Noël;V19;Watermael-Boitsfort;Avenue Coloniale, 76;50,8054903;4,4062858;85;4,25;5;03.VI.2020;14H00;dalles béton;cour;Formulaire
V19;1,4;Crabronidae;Cerceris;arenaria;female;Cerceris_arenaria;2,9;14,1;(Linneaus 1758);V. Van Keymeulen;G. Noël;V19;Watermael-Boitsfort;Avenue Coloniale, 76;50,8054903;4,4062858;85;4,25;5;03.VI.2020;14H00;dalles béton;cour;Formulaire
V19;0,7;Crabronidae;Cerceris;arenaria;female;Cerceris_arenaria;2,9;14,1;(Linneaus 1758);V. Van Keymeulen;G. Noël;V19;Watermael-Boitsfort;Avenue Coloniale, 76;50,8054903;4,4062858;85;4,25;5;03.VI.2020;14H00;dalles béton;cour;Formulaire
V22;0,7;Crabronidae;Cerceris;arenaria;female;Cerceris_arenaria;3,2;11,4;(Linneaus 1758);V. Van Keymeulen;G. Noël;V22;Uccle;Rue de l'équateur 19-23;50,7952416;4,3627867;500;9,433962264;2;16.VI.2020;12H00;dalles béton;trottoir_cour;Formulaire
V22;0,7;Crabronidae;Cerceris;arenaria;female;Cerceris_arenaria;3,2;11,4;(Linneaus 1758);V. Van Keymeulen;G. Noël;V22;Uccle;Rue de l'équateur 19-23;50,7952416;4,3627867;500;9,433962264;2;16.VI.2020;12H00;dalles béton;trottoir_cour;Formulaire
V23;0,9;Crabronidae;Cerceris;arenaria;female;Cerceris_arenaria;2,9;12,1;(Linneaus 1758);V. Van Keymeulen;G. Noël;V23;Uccle;Avenue latérale 165;50,7956279;4,3652847;85;17;2;16.VI.2020;13H00;pavés béton;trottoir;Formulaire
V23;0,7;Crabronidae;Cerceris;arenaria;female;Cerceris_arenaria;2,9;12,1;(Linneaus 1758);V. Van Keymeulen;G. Noël;V23;Uccle;Avenue latérale 165;50,7956279;4,3652847;85;17;2;16.VI.2020;13H00;pavés béton;trottoir;Formulaire
V23;0,6;Crabronidae;Cerceris;arenaria;female;Cerceris_arenaria;2,9;12,1;(Linneaus 1758);V. Van Keymeulen;G. Noël;V23;Uccle;Avenue latérale 165;50,7956279;4,3652847;85;17;2;16.VI.2020;13H00;pavés béton;trottoir;Formulaire
V24;0,6;Crabronidae;Cerceris;arenaria;female;Cerceris_arenaria;3,4;15,2;(Linneaus 1758);V. Van Keymeulen;G. Noël;V24;Ixelles;Chaussée de Waterloo 626;50,8177574;4,3652221;70;4,242424242;1,5;16.VI.2020;14H00;dalles béton et pavés grès;trottoir_pas_de_maison;Formulaire
V24;1,5;Crabronidae;Cerceris;arenaria;female;Cerceris_arenaria;3,4;15,2;(Linneaus 1758);V. Van Keymeulen;G. Noël;V24;Ixelles;Chaussée de Waterloo 626;50,8177574;4,3652221;70;4,242424242;1,5;16.VI.2020;14H00;dalles béton et pavés grès;trottoir_pas_de_maison;Formulaire
V24;0,7;Crabronidae;Cerceris;arenaria;female;Cerceris_arenaria;3,4;15,2;(Linneaus 1758);V. Van Keymeulen;G. Noël;V24;Ixelles;Chaussée de Waterloo 626;50,8177574;4,3652221;70;4,242424242;1,5;16.VI.2020;14H00;dalles béton et pavés grès;trottoir_pas_de_maison;Formulaire
V24;0,7;Crabronidae;Cerceris;arenaria;female;Cerceris_arenaria;3,4;15,2;(Linneaus 1758);V. Van Keymeulen;G. Noël;V24;Ixelles;Chaussée de Waterloo 626;50,8177574;4,3652221;70;4,242424242;1,5;16.VI.2020;14H00;dalles béton et pavés grès;trottoir_pas_de_maison;Formulaire
V24;0,6;Crabronidae;Cerceris;arenaria;female;Cerceris_arenaria;3,4;15,2;(Linneaus 1758);V. Van Keymeulen;G. Noël;V24;Ixelles;Chaussée de Waterloo 626;50,8177574;4,3652221;70;4,242424242;1,5;16.VI.2020;14H00;dalles béton et pavés grès;trottoir_pas_de_maison;Formulaire
V24;0,9;Crabronidae;Cerceris;arenaria;female;Cerceris_arenaria;3,4;15,2;(Linneaus 1758);V. Van Keymeulen;G. Noël;V24;Ixelles;Chaussée de Waterloo 626;50,8177574;4,3652221;70;4,242424242;1,5;16.VI.2020;14H00;dalles béton et pavés grès;trottoir_pas_de_maison;Formulaire
V26;1,2;Crabronidae;Cerceris;arenaria;female;Cerceris_arenaria;3,5;13,2;(Linneaus 1758);V. Van Keymeulen;G. Noël;V26;Ville de Bruxelles;Rue de Crayer, 17;50,8206029;4,367746;35;2,8;2,5;23.VI.2020;13H30;pavés grès;trottoir;Formulaire
V26;0,7;Crabronidae;Cerceris;arenaria;female;Cerceris_arenaria;3,5;13,2;(Linneaus 1758);V. Van Keymeulen;G. Noël;V26;Ville de Bruxelles;Rue de Crayer, 17;50,8206029;4,367746;35;2,8;2,5;23.VI.2020;13H30;pavés grès;trottoir;Formulaire
V26;0,8;Crabronidae;Cerceris;arenaria;female;Cerceris_arenaria;3,5;13,2;(Linneaus 1758);V. Van Keymeulen;G. Noël;V26;Ville de Bruxelles;Rue de Crayer, 17;50,8206029;4,367746;35;2,8;2,5;23.VI.2020;13H30;pavés grès;trottoir;Formulaire
V27;1,2;Crabronidae;Cerceris;arenaria;female;Cerceris_arenaria;3,1;12,7;(Linneaus 1758);V. Van Keymeulen;G. Noël;V27;Ixelles;Rue Jean Baptiste Meunier, 28;50,8149023;4,3504904;20;3,2;2,5;23.VI.2020;14H30;pavés grès;trottoir;Formulaire
V27;1;Crabronidae;Cerceris;arenaria;female;Cerceris_arenaria;3,1;12,7;(Linneaus 1758);V. Van Keymeulen;G. Noël;V27;Ixelles;Rue Jean Baptiste Meunier, 28;50,8149023;4,3504904;20;3,2;2,5;23.VI.2020;14H30;pavés grès;trottoir;Formulaire
V27;0,5;Crabronidae;Cerceris;arenaria;female;Cerceris_arenaria;3,1;12,7;(Linneaus 1758);V. Van Keymeulen;G. Noël;V27;Ixelles;Rue Jean Baptiste Meunier, 28;50,8149023;4,3504904;20;3,2;2,5;23.VI.2020;14H30;pavés grès;trottoir;Formulaire
V28;1,2;Crabronidae;Cerceris;arenaria;female;Cerceris_arenaria;3,3;15,2;(Linneaus 1758);V. Van Keymeulen;G. Noël;V28;Uccle;Rue Roberts Jones, 33;50,8077701;4,3550852;95;1,696428571;3,5;23.VI.2020;15H00;pavés grès;trottoir;Formulaire
V28;1;Crabronidae;Cerceris;arenaria;female;Cerceris_arenaria;3,3;15,2;(Linneaus 1758);V. Van Keymeulen;G. Noël;V28;Uccle;Rue Roberts Jones, 33;50,8077701;4,3550852;95;1,696428571;3,5;23.VI.2020;15H00;pavés grès;trottoir;Formulaire
V28;1,6;Crabronidae;Cerceris;arenaria;female;Cerceris_arenaria;3,3;15,2;(Linneaus 1758);V. Van Keymeulen;G. Noël;V28;Uccle;Rue Roberts Jones, 33;50,8077701;4,3550852;95;1,696428571;3,5;23.VI.2020;15H00;pavés grès;trottoir;Formulaire
V29;0,8;Crabronidae;Cerceris;arenaria;female;Cerceris_arenaria;3;13,6;(Linneaus 1758);V. Van Keymeulen;G. Noël;V29;Uccle;Drêve du Sénéchal, 19;50,7945591;4,3770821;115;4,107142857;2;23.VI.2020;15H30;dalles béton;trottoir;Formulaire
V29;0,9;Crabronidae;Cerceris;arenaria;female;Cerceris_arenaria;3;13,6;(Linneaus 1758);V. Van Keymeulen;G. Noël;V29;Uccle;Drêve du Sénéchal, 19;50,7945591;4,3770821;115;4,107142857;2;23.VI.2020;15H30;dalles béton;trottoir;Formulaire
V29;0,9;Crabronidae;Cerceris;arenaria;female;Cerceris_arenaria;3;13,6;(Linneaus 1758);V. Van Keymeulen;G. Noël;V29;Uccle;Drêve du Sénéchal, 19;50,7945591;4,3770821;115;4,107142857;2;23.VI.2020;15H30;dalles béton;trottoir;Formulaire
V29;0,9;Crabronidae;Cerceris;arenaria;female;Cerceris_arenaria;3;13,6;(Linneaus 1758);V. Van Keymeulen;G. Noël;V29;Uccle;Drêve du Sénéchal, 19;50,7945591;4,3770821;115;4,107142857;2;23.VI.2020;15H30;dalles béton;trottoir;Formulaire
V29;1,2;Crabronidae;Cerceris;arenaria;female;Cerceris_arenaria;3;13,6;(Linneaus 1758);V. Van Keymeulen;G. Noël;V29;Uccle;Drêve du Sénéchal, 19;50,7945591;4,3770821;115;4,107142857;2;23.VI.2020;15H30;dalles béton;trottoir;Formulaire
V29;1,1;Crabronidae;Cerceris;arenaria;female;Cerceris_arenaria;3;13,6;(Linneaus 1758);V. Van Keymeulen;G. Noël;V29;Uccle;Drêve du Sénéchal, 19;50,7945591;4,3770821;115;4,107142857;2;23.VI.2020;15H30;dalles béton;trottoir;Formulaire
V30;1,7;Crabronidae;Cerceris;arenaria;female;Cerceris_arenaria;3,1;13,8;(Linneaus 1758);V. Van Keymeulen;G. Noël;V30;Watermael-Boitsfort;Avenue des Ortolans, 101;50,8036752;4,4063911;90;2,5;3;26.VI.2020;13H00;dalles béton;trottoir;Formulaire
V30;1,3;Crabronidae;Cerceris;arenaria;female;Cerceris_arenaria;3,1;13,8;(Linneaus 1758);V. Van Keymeulen;G. Noël;V30;Watermael-Boitsfort;Avenue des Ortolans, 101;50,8036752;4,4063911;90;2,5;3;26.VI.2020;13H00;dalles béton;trottoir;Formulaire
V30;0,9;Crabronidae;Cerceris;arenaria;female;Cerceris_arenaria;3,1;13,8;(Linneaus 1758);V. Van Keymeulen;G. Noël;V30;Watermael-Boitsfort;Avenue des Ortolans, 101;50,8036752;4,4063911;90;2,5;3;26.VI.2020;13H00;dalles béton;trottoir;Formulaire
V30;2;Crabronidae;Cerceris;arenaria;female;Cerceris_arenaria;3,1;13,8;(Linneaus 1758);V. Van Keymeulen;G. Noël;V30;Watermael-Boitsfort;Avenue des Ortolans, 101;50,8036752;4,4063911;90;2,5;3;26.VI.2020;13H00;dalles béton;trottoir;Formulaire
V30;1,2;Crabronidae;Cerceris;arenaria;female;Cerceris_arenaria;3,1;13,8;(Linneaus 1758);V. Van Keymeulen;G. Noël;V30;Watermael-Boitsfort;Avenue des Ortolans, 101;50,8036752;4,4063911;90;2,5;3;26.VI.2020;13H00;dalles béton;trottoir;Formulaire
V30;1,7;Crabronidae;Cerceris;arenaria;female;Cerceris_arenaria;3,1;13,8;(Linneaus 1758);V. Van Keymeulen;G. Noël;V30;Watermael-Boitsfort;Avenue des Ortolans, 101;50,8036752;4,4063911;90;2,5;3;26.VI.2020;13H00;dalles béton;trottoir;Formulaire
V31;1;Crabronidae;Cerceris;arenaria;female;Cerceris_arenaria;3,1;13;(Linneaus 1758);V. Van Keymeulen;G. Noël;V31;Watermael-Boitsfort;Rue de l'Aronde, 18;50,7997295;4,4114888;54;1,038461538;2;26.VI.2020;14H00;dalles béton;trottoir;Formulaire
V31;2;Crabronidae;Cerceris;arenaria;female;Cerceris_arenaria;3,1;13;(Linneaus 1758);V. Van Keymeulen;G. Noël;V31;Watermael-Boitsfort;Rue de l'Aronde, 18;50,7997295;4,4114888;54;1,038461538;2;26.VI.2020;14H00;dalles béton;trottoir;Formulaire
V31;1,2;Crabronidae;Cerceris;arenaria;female;Cerceris_arenaria;3,1;13;(Linneaus 1758);V. Van Keymeulen;G. Noël;V31;Watermael-Boitsfort;Rue de l'Aronde, 18;50,7997295;4,4114888;54;1,038461538;2;26.VI.2020;14H00;dalles béton;trottoir;Formulaire
V31;1,6;Crabronidae;Cerceris;arenaria;female;Cerceris_arenaria;3,1;13;(Linneaus 1758);V. Van Keymeulen;G. Noël;V31;Watermael-Boitsfort;Rue de l'Aronde, 18;50,7997295;4,4114888;54;1,038461538;2;26.VI.2020;14H00;dalles béton;trottoir;Formulaire
V31;1;Crabronidae;Cerceris;arenaria;female;Cerceris_arenaria;3,1;13;(Linneaus 1758);V. Van Keymeulen;G. Noël;V31;Watermael-Boitsfort;Rue de l'Aronde, 18;50,7997295;4,4114888;54;1,038461538;2;26.VI.2020;14H00;dalles béton;trottoir;Formulaire
V31;0,9;Crabronidae;Cerceris;arenaria;female;Cerceris_arenaria;3,1;13;(Linneaus 1758);V. Van Keymeulen;G. Noël;V31;Watermael-Boitsfort;Rue de l'Aronde, 18;50,7997295;4,4114888;54;1,038461538;2;26.VI.2020;14H00;dalles béton;trottoir;Formulaire
V6;0,7;Crabronidae;Cerceris;arenaria;female;Cerceris_arenaria;3;12,6;(Linneaus 1758);V. Van Keymeulen;G. Noël;V6;Uccle;Avenue d'Orbaix 5-13;50,7880411;4,3708793;500;3,333333333;3;21.V.2020;14H30;pavés béton;trottoir;Formulaire
V6;1,2;Crabronidae;Cerceris;arenaria;female;Cerceris_arenaria;3;12,6;(Linneaus 1758);V. Van Keymeulen;G. Noël;V6;Uccle;Avenue d'Orbaix 5-13;50,7880411;4,3708793;500;3,333333333;3;21.V.2020;14H30;pavés béton;trottoir;Formulaire
V6;1,2;Crabronidae;Cerceris;arenaria;female;Cerceris_arenaria;3;12,6;(Linneaus 1758);V. Van Keymeulen;G. Noël;V6;Uccle;Avenue d'Orbaix 5-13;50,7880411;4,3708793;500;3,333333333;3;21.V.2020;14H30;pavés béton;trottoir;Formulaire
V6;1,2;Crabronidae;Cerceris;arenaria;female;Cerceris_arenaria;3;12,6;(Linneaus 1758);V. Van Keymeulen;G. Noël;V6;Uccle;Avenue d'Orbaix 5-13;50,7880411;4,3708793;500;3,333333333;3;21.V.2020;14H30;pavés béton;trottoir;Formulaire
V6;0,8;Crabronidae;Cerceris;arenaria;female;Cerceris_arenaria;3;12,6;(Linneaus 1758);V. Van Keymeulen;G. Noël;V6;Uccle;Avenue d'Orbaix 5-13;50,7880411;4,3708793;500;3,333333333;3;21.V.2020;14H30;pavés béton;trottoir;Formulaire
V6;1,2;Crabronidae;Cerceris;arenaria;female;Cerceris_arenaria;3;12,6;(Linneaus 1758);V. Van Keymeulen;G. Noël;V6;Uccle;Avenue d'Orbaix 5-13;50,7880411;4,3708793;500;3,333333333;3;21.V.2020;14H30;pavés béton;trottoir;Formulaire
V8;1,5;Crabronidae;Cerceris;arenaria;female;Cerceris_arenaria;3;11,9;(Linneaus 1758);V. Van Keymeulen;G. Noël;V8;Uccle;Rue Molenvelt X Avenue Reisdorff;50,792973;4,324441;400;10,38961039;3,5;27.V.2020;12H00;dalles béton;trottoir;Formulaire
V8;0,6;Crabronidae;Cerceris;arenaria;female;Cerceris_arenaria;3;11,9;(Linneaus 1758);V. Van Keymeulen;G. Noël;V8;Uccle;Rue Molenvelt X Avenue Reisdorff;50,792973;4,324441;400;10,38961039;3,5;27.V.2020;12H00;dalles béton;trottoir;Formulaire
V8;0,6;Crabronidae;Cerceris;arenaria;female;Cerceris_arenaria;3;11,9;(Linneaus 1758);V. Van Keymeulen;G. Noël;V8;Uccle;Rue Molenvelt X Avenue Reisdorff;50,792973;4,324441;400;10,38961039;3,5;27.V.2020;12H00;dalles béton;trottoir;Formulaire
V9;0,6;Crabronidae;Cerceris;arenaria;female;Cerceris_arenaria;3,4;13,6;(Linneaus 1758);V. Van Keymeulen;G. Noël;V9;Anderlecht;Rue Fridtjof Nansen 32;50,8259163;4,2919444;150;1,666666667;3;27.V.2020;14H30;dalles béton;trottoir;Formulaire
V9;0,6;Crabronidae;Cerceris;arenaria;female;Cerceris_arenaria;3,4;13,6;(Linneaus 1758);V. Van Keymeulen;G. Noël;V9;Anderlecht;Rue Fridtjof Nansen 32;50,8259163;4,2919444;150;1,666666667;3;27.V.2020;14H30;dalles béton;trottoir;Formulaire
V9;0,6;Crabronidae;Cerceris;arenaria;female;Cerceris_arenaria;3,4;13,6;(Linneaus 1758);V. Van Keymeulen;G. Noël;V9;Anderlecht;Rue Fridtjof Nansen 32;50,8259163;4,2919444;150;1,666666667;3;27.V.2020;14H30;dalles béton;trottoir;Formulaire
V9;0,6;Crabronidae;Cerceris;arenaria;female;Cerceris_arenaria;3,4;13,6;(Linneaus 1758);V. Van Keymeulen;G. Noël;V9;Anderlecht;Rue Fridtjof Nansen 32;50,8259163;4,2919444;150;1,666666667;3;27.V.2020;14H30;dalles béton;trottoir;Formulaire
V9;0,8;Crabronidae;Cerceris;arenaria;female;Cerceris_arenaria;3,4;13,6;(Linneaus 1758);V. Van Keymeulen;G. Noël;V9;Anderlecht;Rue Fridtjof Nansen 32;50,8259163;4,2919444;150;1,666666667;3;27.V.2020;14H30;dalles béton;trottoir;Formulaire
V9;0,9;Crabronidae;Cerceris;arenaria;female;Cerceris_arenaria;3,4;13,6;(Linneaus 1758);V. Van Keymeulen;G. Noël;V9;Anderlecht;Rue Fridtjof Nansen 32;50,8259163;4,2919444;150;1,666666667;3;27.V.2020;14H30;dalles béton;trottoir;Formulaire
V19;1,2;Crabronidae;Cerceris;quadricincta;female;Cerceris_quadricincta;1,9;8,3;(Panzer 1799);V. Van Keymeulen;Y. Barbier;V19;Watermael-Boitsfort;Avenue Coloniale, 76;50,8054903;4,4062858;85;4,25;5;03.VI.2020;14H00;dalles béton;cour;Formulaire
V19;0,8;Crabronidae;Cerceris;quadricincta;female;Cerceris_quadricincta;1,9;8,3;(Panzer 1799);V. Van Keymeulen;Y. Barbier;V19;Watermael-Boitsfort;Avenue Coloniale, 76;50,8054903;4,4062858;85;4,25;5;03.VI.2020;14H00;dalles béton;cour;Formulaire
V19;0,6;Crabronidae;Cerceris;quadricincta;female;Cerceris_quadricincta;1,9;8,3;(Panzer 1799);V. Van Keymeulen;Y. Barbier;V19;Watermael-Boitsfort;Avenue Coloniale, 76;50,8054903;4,4062858;85;4,25;5;03.VI.2020;14H00;dalles béton;cour;Formulaire
V26;0,9;Crabronidae;Cerceris;quadricincta;female;Cerceris_quadricincta;2,2;10;(Panzer 1799);V. Van Keymeulen;G. Noël;V26;Ville de Bruxelles;Rue de Crayer, 17;50,8206029;4,367746;35;2,8;2,5;23.VI.2020;13H30;pavés grès;trottoir;Formulaire
V26;0,7;Crabronidae;Cerceris;quadricincta;female;Cerceris_quadricincta;2,2;10;(Panzer 1799);V. Van Keymeulen;G. Noël;V26;Ville de Bruxelles;Rue de Crayer, 17;50,8206029;4,367746;35;2,8;2,5;23.VI.2020;13H30;pavés grès;trottoir;Formulaire
V26;0,8;Crabronidae;Cerceris;quadricincta;female;Cerceris_quadricincta;2,2;10;(Panzer 1799);V. Van Keymeulen;G. Noël;V26;Ville de Bruxelles;Rue de Crayer, 17;50,8206029;4,367746;35;2,8;2,5;23.VI.2020;13H30;pavés grès;trottoir;Formulaire
V27;1,3;Crabronidae;Cerceris;quadricincta;female;Cerceris_quadricincta;2,5;9,2;(Panzer 1799);V. Van Keymeulen;G. Noël;V27;Ixelles;Rue Jean Baptiste Meunier, 28;50,8149023;4,3504904;20;3,2;2,5;23.VI.2020;14H30;pavés grès;trottoir;Formulaire
V27;0,9;Crabronidae;Cerceris;quadricincta;female;Cerceris_quadricincta;2,5;9,2;(Panzer 1799);V. Van Keymeulen;G. Noël;V27;Ixelles;Rue Jean Baptiste Meunier, 28;50,8149023;4,3504904;20;3,2;2,5;23.VI.2020;14H30;pavés grès;trottoir;Formulaire
V27;1;Crabronidae;Cerceris;quadricincta;female;Cerceris_quadricincta;2,5;9,2;(Panzer 1799);V. Van Keymeulen;G. Noël;V27;Ixelles;Rue Jean Baptiste Meunier, 28;50,8149023;4,3504904;20;3,2;2,5;23.VI.2020;14H30;pavés grès;trottoir;Formulaire
V22;0,5;Crabronidae;Cerceris;rybyensis;female;Cerceris_rybyensis;2,8;10,1;(Linneaus 1771);V. Van Keymeulen;G. Noël;V22;Uccle;Rue de l'équateur 19-23;50,7952416;4,3627867;500;9,433962264;2;16.VI.2020;12H00;dalles béton;trottoir_cour;Formulaire
V22;0,7;Crabronidae;Cerceris;rybyensis;female;Cerceris_rybyensis;2,8;10,1;(Linneaus 1771);V. Van Keymeulen;G. Noël;V22;Uccle;Rue de l'équateur 19-23;50,7952416;4,3627867;500;9,433962264;2;16.VI.2020;12H00;dalles béton;trottoir_cour;Formulaire
V25;0,8;Crabronidae;Cerceris;rybyensis;female;Cerceris_rybyensis;2;10,6;(Linneaus 1771);V. Van Keymeulen;Y. Barbier;V25;Forest;Avenue Besme 74;50,8205518;4,3372623;65;2,063492063;3,5;16.VI.2020;14H30;dalles béton abimées et pavés grès;trottoir;Formulaire
V25;0,9;Crabronidae;Cerceris;rybyensis;female;Cerceris_rybyensis;2;10,6;(Linneaus 1771);V. Van Keymeulen;Y. Barbier;V25;Forest;Avenue Besme 74;50,8205518;4,3372623;65;2,063492063;3,5;16.VI.2020;14H30;dalles béton abimées et pavés grès;trottoir;Formulaire
V28;2,2;Crabronidae;Cerceris;rybyensis;female;Cerceris_rybyensis;2,6;9;(Linneaus 1771);V. Van Keymeulen;Y. Barbier;V28;Uccle;Rue Roberts Jones, 33;50,8077701;4,3550852;95;1,696428571;3,5;23.VI.2020;15H00;pavés grès;trottoir;Formulaire
V28;0,8;Crabronidae;Cerceris;rybyensis;female;Cerceris_rybyensis;2,6;9;(Linneaus 1771);V. Van Keymeulen;Y. Barbier;V28;Uccle;Rue Roberts Jones, 33;50,8077701;4,3550852;95;1,696428571;3,5;23.VI.2020;15H00;pavés grès;trottoir;Formulaire
V28;1,1;Crabronidae;Cerceris;rybyensis;female;Cerceris_rybyensis;2,6;9;(Linneaus 1771);V. Van Keymeulen;Y. Barbier;V28;Uccle;Rue Roberts Jones, 33;50,8077701;4,3550852;95;1,696428571;3,5;23.VI.2020;15H00;pavés grès;trottoir;Formulaire
G12;0,6;Melittidae;Dasypoda;hirtipes;female;Dasypoda_hirtipes;4,4;13;(Fabricius 1793);G. Noël;J. Bonnet;G12;Auderghem;Rue Léon Vande Woesteyne, 7-15;50,8045686;4,4376087;200;35;1,5;03.VI.2020;13H00;;Trottoir_Rue;Formulaire
G12;0,5;Melittidae;Dasypoda;hirtipes;female;Dasypoda_hirtipes;4,4;13;(Fabricius 1793);G. Noël;J. Bonnet;G12;Auderghem;Rue Léon Vande Woesteyne, 7-15;50,8045686;4,4376087;200;35;1,5;03.VI.2020;13H00;;Trottoir_Rue;Formulaire
G12;0,8;Melittidae;Dasypoda;hirtipes;female;Dasypoda_hirtipes;4,4;13;(Fabricius 1793);G. Noël;J. Bonnet;G12;Auderghem;Rue Léon Vande Woesteyne, 7-15;50,8045686;4,4376087;200;35;1,5;03.VI.2020;13H00;;Trottoir_Rue;Formulaire
G12;1;Melittidae;Dasypoda;hirtipes;female;Dasypoda_hirtipes;4,4;13;(Fabricius 1793);G. Noël;J. Bonnet;G12;Auderghem;Rue Léon Vande Woesteyne, 7-15;50,8045686;4,4376087;200;35;1,5;03.VI.2020;13H00;;Trottoir_Rue;Formulaire
G12;0,9;Melittidae;Dasypoda;hirtipes;female;Dasypoda_hirtipes;4,4;13;(Fabricius 1793);G. Noël;J. Bonnet;G12;Auderghem;Rue Léon Vande Woesteyne, 7-15;50,8045686;4,4376087;200;35;1,5;03.VI.2020;13H00;;Trottoir_Rue;Formulaire
G12;1;Melittidae;Dasypoda;hirtipes;female;Dasypoda_hirtipes;4,4;13;(Fabricius 1793);G. Noël;J. Bonnet;G12;Auderghem;Rue Léon Vande Woesteyne, 7-15;50,8045686;4,4376087;200;35;1,5;03.VI.2020;13H00;;Trottoir_Rue;Formulaire
G2;1,5;Melittidae;Dasypoda;hirtipes;female;Dasypoda_hirtipes;4,4;13,8;(Fabricius 1793);G. Noël;J. Bonnet;G2;Woluwé-Saint-Lambert;Rue Abbé Jean Heyman, entrée de l'école Princesse Paola;50,8496;4,426647;200;40;5;26.V.2020;16H00;dalles béton;Trottoir;Formulaire
G2;1;Melittidae;Dasypoda;hirtipes;female;Dasypoda_hirtipes;4,4;13,8;(Fabricius 1793);G. Noël;J. Bonnet;G2;Woluwé-Saint-Lambert;Rue Abbé Jean Heyman, entrée de l'école Princesse Paola;50,8496;4,426647;200;40;5;26.V.2020;16H00;dalles béton;Trottoir;Formulaire
G2;2;Melittidae;Dasypoda;hirtipes;female;Dasypoda_hirtipes;4,4;13,8;(Fabricius 1793);G. Noël;J. Bonnet;G2;Woluwé-Saint-Lambert;Rue Abbé Jean Heyman, entrée de l'école Princesse Paola;50,8496;4,426647;200;40;5;26.V.2020;16H00;dalles béton;Trottoir;Formulaire
V10;1,3;Melittidae;Dasypoda;hirtipes;female;Dasypoda_hirtipes;3,6;13;(Fabricius 1793);V. Van Keymeulen;J. Bonnet;V10;Anderlecht;Rue Pierre Marchant, pont du canal;50,83187;4,314966;50;0,833333333;2;27.V.2020;15H30;dalles béton;trottoir;Formulaire
V10;1,2;Melittidae;Dasypoda;hirtipes;female;Dasypoda_hirtipes;3,6;13;(Fabricius 1793);V. Van Keymeulen;J. Bonnet;V10;Anderlecht;Rue Pierre Marchant, pont du canal;50,83187;4,314966;50;0,833333333;2;27.V.2020;15H30;dalles béton;trottoir;Formulaire
V10;1,3;Melittidae;Dasypoda;hirtipes;female;Dasypoda_hirtipes;3,6;13;(Fabricius 1793);V. Van Keymeulen;J. Bonnet;V10;Anderlecht;Rue Pierre Marchant, pont du canal;50,83187;4,314966;50;0,833333333;2;27.V.2020;15H30;dalles béton;trottoir;Formulaire
V10;1;Melittidae;Dasypoda;hirtipes;female;Dasypoda_hirtipes;3,6;13;(Fabricius 1793);V. Van Keymeulen;J. Bonnet;V10;Anderlecht;Rue Pierre Marchant, pont du canal;50,83187;4,314966;50;0,833333333;2;27.V.2020;15H30;dalles béton;trottoir;Formulaire
V10;1;Melittidae;Dasypoda;hirtipes;female;Dasypoda_hirtipes;3,6;13;(Fabricius 1793);V. Van Keymeulen;J. Bonnet;V10;Anderlecht;Rue Pierre Marchant, pont du canal;50,83187;4,314966;50;0,833333333;2;27.V.2020;15H30;dalles béton;trottoir;Formulaire
V10;1,6;Melittidae;Dasypoda;hirtipes;female;Dasypoda_hirtipes;3,6;13;(Fabricius 1793);V. Van Keymeulen;J. Bonnet;V10;Anderlecht;Rue Pierre Marchant, pont du canal;50,83187;4,314966;50;0,833333333;2;27.V.2020;15H30;dalles béton;trottoir;Formulaire
V18;0,7;Melittidae;Dasypoda;hirtipes;female;Dasypoda_hirtipes;3,9;14,4;(Fabricius 1793);V. Van Keymeulen;J. Bonnet;V18;Watermael-Boitsfort;Avenue Coloniale, 34;50,8040587;4,405511;70;1,029411765;6;03.VI.2020;13H30;dalles béton;cour-trottoir;Formulaire
V18;1,2;Melittidae;Dasypoda;hirtipes;female;Dasypoda_hirtipes;3,9;14,4;(Fabricius 1793);V. Van Keymeulen;J. Bonnet;V18;Watermael-Boitsfort;Avenue Coloniale, 34;50,8040587;4,405511;70;1,029411765;6;03.VI.2020;13H30;dalles béton;cour-trottoir;Formulaire
V18;0,7;Melittidae;Dasypoda;hirtipes;female;Dasypoda_hirtipes;3,9;14,4;(Fabricius 1793);V. Van Keymeulen;J. Bonnet;V18;Watermael-Boitsfort;Avenue Coloniale, 34;50,8040587;4,405511;70;1,029411765;6;03.VI.2020;13H30;dalles béton;cour-trottoir;Formulaire
V23;1,4;Melittidae;Dasypoda;hirtipes;female;Dasypoda_hirtipes;3,8;12,8;(Fabricius 1793);V. Van Keymeulen;J. Bonnet;V23;Uccle;Avenue latérale 165;50,7956279;4,3652847;85;17;2;16.VI.2020;13H00;pavés béton;trottoir;Formulaire
V23;0,7;Melittidae;Dasypoda;hirtipes;female;Dasypoda_hirtipes;3,8;12,8;(Fabricius 1793);V. Van Keymeulen;J. Bonnet;V23;Uccle;Avenue latérale 165;50,7956279;4,3652847;85;17;2;16.VI.2020;13H00;pavés béton;trottoir;Formulaire
V23;0,9;Melittidae;Dasypoda;hirtipes;female;Dasypoda_hirtipes;3,8;12,8;(Fabricius 1793);V. Van Keymeulen;J. Bonnet;V23;Uccle;Avenue latérale 165;50,7956279;4,3652847;85;17;2;16.VI.2020;13H00;pavés béton;trottoir;Formulaire
V25;0,8;Melittidae;Dasypoda;hirtipes;female;Dasypoda_hirtipes;4,1;12,4;(Fabricius 1793);V. Van Keymeulen;J. Bonnet;V25;Forest;Avenue Besme 74;50,8205518;4,3372623;65;2,063492063;3,5;16.VI.2020;14H30;dalles béton abimées et pavés grès;trottoir;Formulaire
V25;0,9;Melittidae;Dasypoda;hirtipes;female;Dasypoda_hirtipes;4,1;12,4;(Fabricius 1793);V. Van Keymeulen;J. Bonnet;V25;Forest;Avenue Besme 74;50,8205518;4,3372623;65;2,063492063;3,5;16.VI.2020;14H30;dalles béton abimées et pavés grès;trottoir;Formulaire
V8;0,6;Melittidae;Dasypoda;hirtipes;female;Dasypoda_hirtipes;4,4;13,8;(Fabricius 1793);V. Van Keymeulen;J. Bonnet;V8;Uccle;Rue Molenvelt X Avenue Reisdorff;50,792973;4,324441;400;10,38961039;3,5;27.V.2020;12H00;dalles béton;trottoir;Formulaire
V8;0,6;Melittidae;Dasypoda;hirtipes;female;Dasypoda_hirtipes;4,4;13,8;(Fabricius 1793);V. Van Keymeulen;J. Bonnet;V8;Uccle;Rue Molenvelt X Avenue Reisdorff;50,792973;4,324441;400;10,38961039;3,5;27.V.2020;12H00;dalles béton;trottoir;Formulaire
V8;1;Melittidae;Dasypoda;hirtipes;female;Dasypoda_hirtipes;4,4;13,8;(Fabricius 1793);V. Van Keymeulen;J. Bonnet;V8;Uccle;Rue Molenvelt X Avenue Reisdorff;50,792973;4,324441;400;10,38961039;3,5;27.V.2020;12H00;dalles béton;trottoir;Formulaire
15;0,6;Halictidae;Lasioglossum;fulvicorne;female;Lasioglossum_fulvicorne;1,6;6;(Kirby 1802);G. Noël;G. Noël;15;Uccle;Avenue de la Floride, 75;50,8066565;4,3659904;5&10;1;;11.IV.2020;14h45;Dalles béton;Trottoir;Site_Pot
15;1,3;Halictidae;Lasioglossum;fulvicorne;female;Lasioglossum_fulvicorne;1,6;6;(Kirby 1802);G. Noël;G. Noël;15;Uccle;Avenue de la Floride, 75;50,8066565;4,3659904;5&10;1;;11.IV.2020;14h45;Dalles béton;Trottoir;Site_Pot
15;0,6;Halictidae;Lasioglossum;fulvicorne;female;Lasioglossum_fulvicorne;1,6;6;(Kirby 1802);G. Noël;G. Noël;15;Uccle;Avenue de la Floride, 75;50,8066565;4,3659904;5&10;1;;11.IV.2020;14h45;Dalles béton;Trottoir;Site_Pot
15;0,5;Halictidae;Lasioglossum;fulvicorne;female;Lasioglossum_fulvicorne;1,6;6;(Kirby 1802);G. Noël;G. Noël;15;Uccle;Avenue de la Floride, 75;50,8066565;4,3659904;5&10;1;;11.IV.2020;14h45;Dalles béton;Trottoir;Site_Pot
15;0,7;Halictidae;Lasioglossum;fulvicorne;female;Lasioglossum_fulvicorne;1,6;6;(Kirby 1802);G. Noël;G. Noël;15;Uccle;Avenue de la Floride, 75;50,8066565;4,3659904;5&10;1;;11.IV.2020;14h45;Dalles béton;Trottoir;Site_Pot
V13;0,6;Halictidae;Lasioglossum;fulvicorne;female;Lasioglossum_fulvicorne;1,8;6,5;(Kirby 1802);V. Van Keymeulen;G. Noël;V13;Woluwé-Saint-Lambert;Rue Verheyweghen, toute la rue;50,8466;4,3528;500;3,333333333;3;28.V.2020;15H00;dalles béton;Trottoir;Formulaire
V13;2;Halictidae;Lasioglossum;fulvicorne;female;Lasioglossum_fulvicorne;1,8;6,5;(Kirby 1802);V. Van Keymeulen;G. Noël;V13;Woluwé-Saint-Lambert;Rue Verheyweghen, toute la rue;50,8466;4,3528;500;3,333333333;3;28.V.2020;15H00;dalles béton;Trottoir;Formulaire
V13;0,7;Halictidae;Lasioglossum;fulvicorne;female;Lasioglossum_fulvicorne;1,8;6,5;(Kirby 1802);V. Van Keymeulen;G. Noël;V13;Woluwé-Saint-Lambert;Rue Verheyweghen, toute la rue;50,8466;4,3528;500;3,333333333;3;28.V.2020;15H00;dalles béton;Trottoir;Formulaire
V13;0,7;Halictidae;Lasioglossum;fulvicorne;female;Lasioglossum_fulvicorne;1,8;6,5;(Kirby 1802);V. Van Keymeulen;G. Noël;V13;Woluwé-Saint-Lambert;Rue Verheyweghen, toute la rue;50,8466;4,3528;500;3,333333333;3;28.V.2020;15H00;dalles béton;Trottoir;Formulaire
V13;0,7;Halictidae;Lasioglossum;fulvicorne;female;Lasioglossum_fulvicorne;1,8;6,5;(Kirby 1802);V. Van Keymeulen;G. Noël;V13;Woluwé-Saint-Lambert;Rue Verheyweghen, toute la rue;50,8466;4,3528;500;3,333333333;3;28.V.2020;15H00;dalles béton;Trottoir;Formulaire
V13;0,7;Halictidae;Lasioglossum;fulvicorne;female;Lasioglossum_fulvicorne;1,8;6,5;(Kirby 1802);V. Van Keymeulen;G. Noël;V13;Woluwé-Saint-Lambert;Rue Verheyweghen, toute la rue;50,8466;4,3528;500;3,333333333;3;28.V.2020;15H00;dalles béton;Trottoir;Formulaire
0;0,5;Halictidae;Lasioglossum;laticeps;female;Lasioglossum_laticeps;2;7,4;(Schenck 1868);G. Noël;J. Bonnet;0;Etterbeek;Rue Dekens entre les numéros 7-11;50,8387758;4,387673;200;5;;05.IV.2020;17h00;Pavés Grès;Pas de maison_Trottoir;Site_Pot
0;0,3;Halictidae;Lasioglossum;laticeps;female;Lasioglossum_laticeps;2;7,4;(Schenck 1868);G. Noël;J. Bonnet;0;Etterbeek;Rue Dekens entre les numéros 7-11;50,8387758;4,387673;200;5;;05.IV.2020;17h00;Pavés Grès;Pas de maison_Trottoir;Site_Pot
0;0,3;Halictidae;Lasioglossum;laticeps;female;Lasioglossum_laticeps;2;7,4;(Schenck 1868);G. Noël;J. Bonnet;0;Etterbeek;Rue Dekens entre les numéros 7-11;50,8387758;4,387673;200;5;;05.IV.2020;17h00;Pavés Grès;Pas de maison_Trottoir;Site_Pot
0;1;Halictidae;Lasioglossum;laticeps;female;Lasioglossum_laticeps;2;7,4;(Schenck 1868);G. Noël;J. Bonnet;0;Etterbeek;Rue Dekens entre les numéros 7-11;50,8387758;4,387673;200;5;;05.IV.2020;17h00;Pavés Grès;Pas de maison_Trottoir;Site_Pot
0;0,4;Halictidae;Lasioglossum;laticeps;female;Lasioglossum_laticeps;2;7,4;(Schenck 1868);G. Noël;J. Bonnet;0;Etterbeek;Rue Dekens entre les numéros 7-11;50,8387758;4,387673;200;5;;05.IV.2020;17h00;Pavés Grès;Pas de maison_Trottoir;Site_Pot
0;0,3;Halictidae;Lasioglossum;laticeps;female;Lasioglossum_laticeps;2;7,4;(Schenck 1868);G. Noël;J. Bonnet;0;Etterbeek;Rue Dekens entre les numéros 7-11;50,8387758;4,387673;200;5;;05.IV.2020;17h00;Pavés Grès;Pas de maison_Trottoir;Site_Pot
1;0,6;Halictidae;Lasioglossum;laticeps;female;Lasioglossum_laticeps;1,8;6,9;(Schenck 1868);G. Noël;J. Bonnet;1;Ixelles;Rue du Viaduc 126;50,8348832;4,3733978;5;1;;08.IV.2020;14h45;Dalles béton;Pas de maison;Découverte
1;0,5;Halictidae;Lasioglossum;laticeps;female;Lasioglossum_laticeps;1,8;6,9;(Schenck 1868);G. Noël;J. Bonnet;1;Ixelles;Rue du Viaduc 126;50,8348832;4,3733978;5;1;;08.IV.2020;14h45;Dalles béton;Pas de maison;Découverte
1;0,8;Halictidae;Lasioglossum;laticeps;female;Lasioglossum_laticeps;1,8;6,9;(Schenck 1868);G. Noël;J. Bonnet;1;Ixelles;Rue du Viaduc 126;50,8348832;4,3733978;5;1;;08.IV.2020;14h45;Dalles béton;Pas de maison;Découverte
1;0,8;Halictidae;Lasioglossum;laticeps;female;Lasioglossum_laticeps;1,8;6,9;(Schenck 1868);G. Noël;J. Bonnet;1;Ixelles;Rue du Viaduc 126;50,8348832;4,3733978;5;1;;08.IV.2020;14h45;Dalles béton;Pas de maison;Découverte
1;1;Halictidae;Lasioglossum;laticeps;female;Lasioglossum_laticeps;1,8;6,9;(Schenck 1868);G. Noël;J. Bonnet;1;Ixelles;Rue du Viaduc 126;50,8348832;4,3733978;5;1;;08.IV.2020;14h45;Dalles béton;Pas de maison;Découverte
3;1;Halictidae;Lasioglossum;laticeps;female;Lasioglossum_laticeps;1,4;6,5;(Schenck 1868);G. Noël;J. Bonnet;3;Ixelles;Rue du Viaduc 78;50,8348832;4,3706238;20;12;;08.IV.2020;14h30;Dalles béton;A check sur photo;Découverte
3;0,4;Halictidae;Lasioglossum;laticeps;female;Lasioglossum_laticeps;1,4;6,5;(Schenck 1868);G. Noël;J. Bonnet;3;Ixelles;Rue du Viaduc 78;50,8348832;4,3706238;20;12;;08.IV.2020;14h30;Dalles béton;A check sur photo;Découverte
3;0,8;Halictidae;Lasioglossum;laticeps;female;Lasioglossum_laticeps;1,4;6,5;(Schenck 1868);G. Noël;J. Bonnet;3;Ixelles;Rue du Viaduc 78;50,8348832;4,3706238;20;12;;08.IV.2020;14h30;Dalles béton;A check sur photo;Découverte
3;1,2;Halictidae;Lasioglossum;laticeps;female;Lasioglossum_laticeps;1,4;6,5;(Schenck 1868);G. Noël;J. Bonnet;3;Ixelles;Rue du Viaduc 78;50,8348832;4,3706238;20;12;;08.IV.2020;14h30;Dalles béton;A check sur photo;Découverte
3;0,6;Halictidae;Lasioglossum;laticeps;female;Lasioglossum_laticeps;1,4;6,5;(Schenck 1868);G. Noël;J. Bonnet;3;Ixelles;Rue du Viaduc 78;50,8348832;4,3706238;20;12;;08.IV.2020;14h30;Dalles béton;A check sur photo;Découverte
3;0,5;Halictidae;Lasioglossum;laticeps;female;Lasioglossum_laticeps;1,4;6,5;(Schenck 1868);G. Noël;J. Bonnet;3;Ixelles;Rue du Viaduc 78;50,8348832;4,3706238;20;12;;08.IV.2020;14h30;Dalles béton;A check sur photo;Découverte
6;0,5;Halictidae;Lasioglossum;laticeps;female;Lasioglossum_laticeps;1,6;5,9;(Schenck 1868);G. Noël;J. Bonnet;6;Ville de Bruxelles;Rue du Tenbosch 9;50,8239094;4,366009;10;2;;11.IV.2020;13h45;Dalles béton;Pas de maison_Trottoir;Formulaire
6;2,5;Halictidae;Lasioglossum;laticeps;female;Lasioglossum_laticeps;1,6;5,9;(Schenck 1868);G. Noël;J. Bonnet;6;Ville de Bruxelles;Rue du Tenbosch 9;50,8239094;4,366009;10;2;;11.IV.2020;13h45;Dalles béton;Pas de maison_Trottoir;Formulaire
6;0,6;Halictidae;Lasioglossum;laticeps;female;Lasioglossum_laticeps;1,6;5,9;(Schenck 1868);G. Noël;J. Bonnet;6;Ville de Bruxelles;Rue du Tenbosch 9;50,8239094;4,366009;10;2;;11.IV.2020;13h45;Dalles béton;Pas de maison_Trottoir;Formulaire
6;0,8;Halictidae;Lasioglossum;laticeps;female;Lasioglossum_laticeps;1,6;5,9;(Schenck 1868);G. Noël;J. Bonnet;6;Ville de Bruxelles;Rue du Tenbosch 9;50,8239094;4,366009;10;2;;11.IV.2020;13h45;Dalles béton;Pas de maison_Trottoir;Formulaire
6;3;Halictidae;Lasioglossum;laticeps;female;Lasioglossum_laticeps;1,6;5,9;(Schenck 1868);G. Noël;J. Bonnet;6;Ville de Bruxelles;Rue du Tenbosch 9;50,8239094;4,366009;10;2;;11.IV.2020;13h45;Dalles béton;Pas de maison_Trottoir;Formulaire
6;1;Halictidae;Lasioglossum;laticeps;female;Lasioglossum_laticeps;1,6;5,9;(Schenck 1868);G. Noël;J. Bonnet;6;Ville de Bruxelles;Rue du Tenbosch 9;50,8239094;4,366009;10;2;;11.IV.2020;13h45;Dalles béton;Pas de maison_Trottoir;Formulaire
7;0,2;Halictidae;Lasioglossum;laticeps;female;Lasioglossum_laticeps;1,7;5,8;(Schenck 1868);G. Noël;J. Bonnet;7;Etterbeek;Rue Baron Lambert, 36-38;50,8351064;4,3890935;2 0;10;;10.IV.2020;14h00;Pavés grès;Pas de maison;Découverte
7;0,4;Halictidae;Lasioglossum;laticeps;female;Lasioglossum_laticeps;1,7;5,8;(Schenck 1868);G. Noël;J. Bonnet;7;Etterbeek;Rue Baron Lambert, 36-38;50,8351064;4,3890935;2 0;10;;10.IV.2020;14h00;Pavés grès;Pas de maison;Découverte
7;0,4;Halictidae;Lasioglossum;laticeps;female;Lasioglossum_laticeps;1,7;5,8;(Schenck 1868);G. Noël;J. Bonnet;7;Etterbeek;Rue Baron Lambert, 36-38;50,8351064;4,3890935;2 0;10;;10.IV.2020;14h00;Pavés grès;Pas de maison;Découverte
7;0,5;Halictidae;Lasioglossum;laticeps;female;Lasioglossum_laticeps;1,7;5,8;(Schenck 1868);G. Noël;J. Bonnet;7;Etterbeek;Rue Baron Lambert, 36-38;50,8351064;4,3890935;2 0;10;;10.IV.2020;14h00;Pavés grès;Pas de maison;Découverte
7;0,5;Halictidae;Lasioglossum;laticeps;female;Lasioglossum_laticeps;1,7;5,8;(Schenck 1868);G. Noël;J. Bonnet;7;Etterbeek;Rue Baron Lambert, 36-38;50,8351064;4,3890935;2 0;10;;10.IV.2020;14h00;Pavés grès;Pas de maison;Découverte
7;0,4;Halictidae;Lasioglossum;laticeps;female;Lasioglossum_laticeps;1,7;5,8;(Schenck 1868);G. Noël;J. Bonnet;7;Etterbeek;Rue Baron Lambert, 36-38;50,8351064;4,3890935;2 0;10;;10.IV.2020;14h00;Pavés grès;Pas de maison;Découverte
11;2;Halictidae;Lasioglossum;laticeps;female;Lasioglossum_laticeps;2;6,6;(Schenck 1868);G. Noël;J. Bonnet;11;Woluwé-Saint-Lambert;Rue Madyol 2;50,840971;4,4332703;20;5;;10.IV.2020;17h00;Pavés grès/calcaire;Pas de maison_Trottoir;Découverte
11;2,5;Halictidae;Lasioglossum;laticeps;female;Lasioglossum_laticeps;2;6,6;(Schenck 1868);G. Noël;J. Bonnet;11;Woluwé-Saint-Lambert;Rue Madyol 2;50,840971;4,4332703;20;5;;10.IV.2020;17h00;Pavés grès/calcaire;Pas de maison_Trottoir;Découverte
11;1,5;Halictidae;Lasioglossum;laticeps;female;Lasioglossum_laticeps;2;6,6;(Schenck 1868);G. Noël;J. Bonnet;11;Woluwé-Saint-Lambert;Rue Madyol 2;50,840971;4,4332703;20;5;;10.IV.2020;17h00;Pavés grès/calcaire;Pas de maison_Trottoir;Découverte
11;1,8;Halictidae;Lasioglossum;laticeps;female;Lasioglossum_laticeps;2;6,6;(Schenck 1868);G. Noël;J. Bonnet;11;Woluwé-Saint-Lambert;Rue Madyol 2;50,840971;4,4332703;20;5;;10.IV.2020;17h00;Pavés grès/calcaire;Pas de maison_Trottoir;Découverte
11;1,5;Halictidae;Lasioglossum;laticeps;female;Lasioglossum_laticeps;2;6,6;(Schenck 1868);G. Noël;J. Bonnet;11;Woluwé-Saint-Lambert;Rue Madyol 2;50,840971;4,4332703;20;5;;10.IV.2020;17h00;Pavés grès/calcaire;Pas de maison_Trottoir;Découverte
11;0,7;Halictidae;Lasioglossum;laticeps;female;Lasioglossum_laticeps;2;6,6;(Schenck 1868);G. Noël;J. Bonnet;11;Woluwé-Saint-Lambert;Rue Madyol 2;50,840971;4,4332703;20;5;;10.IV.2020;17h00;Pavés grès/calcaire;Pas de maison_Trottoir;Découverte
19;0,5;Halictidae;Lasioglossum;laticeps;female;Lasioglossum_laticeps;1,9;6,9;(Schenck 1868);G. Noël;J. Bonnet;19;Berchem-Saint-Agathe;Avenue de Koekelberg, 34;50,8623683;4,3036357;10;4;0,5;22.IV.2020;15h00;Dalles céramique;Court_Interne;Formulaire
19;0,5;Halictidae;Lasioglossum;laticeps;female;Lasioglossum_laticeps;1,9;6,9;(Schenck 1868);G. Noël;J. Bonnet;19;Berchem-Saint-Agathe;Avenue de Koekelberg, 34;50,8623683;4,3036357;10;4;0,5;22.IV.2020;15h00;Dalles céramique;Court_Interne;Formulaire
19;0,3;Halictidae;Lasioglossum;laticeps;female;Lasioglossum_laticeps;1,9;6,9;(Schenck 1868);G. Noël;J. Bonnet;19;Berchem-Saint-Agathe;Avenue de Koekelberg, 34;50,8623683;4,3036357;10;4;0,5;22.IV.2020;15h00;Dalles céramique;Court_Interne;Formulaire
19;0,5;Halictidae;Lasioglossum;laticeps;female;Lasioglossum_laticeps;1,9;6,9;(Schenck 1868);G. Noël;J. Bonnet;19;Berchem-Saint-Agathe;Avenue de Koekelberg, 34;50,8623683;4,3036357;10;4;0,5;22.IV.2020;15h00;Dalles céramique;Court_Interne;Formulaire
19;0,5;Halictidae;Lasioglossum;laticeps;female;Lasioglossum_laticeps;1,9;6,9;(Schenck 1868);G. Noël;J. Bonnet;19;Berchem-Saint-Agathe;Avenue de Koekelberg, 34;50,8623683;4,3036357;10;4;0,5;22.IV.2020;15h00;Dalles céramique;Court_Interne;Formulaire
19;0,5;Halictidae;Lasioglossum;laticeps;female;Lasioglossum_laticeps;1,9;6,9;(Schenck 1868);G. Noël;J. Bonnet;19;Berchem-Saint-Agathe;Avenue de Koekelberg, 34;50,8623683;4,3036357;10;4;0,5;22.IV.2020;15h00;Dalles céramique;Court_Interne;Formulaire
V11;1,2;Halictidae;Lasioglossum;laticeps;female;Lasioglossum_laticeps;1,8;6,1;(Schenck 1868);V. Van Keymeulen;J. Bonnet;V11;Ixelles;Rue Wery, 50;50,8307188;4,37595;50;2,5;2;28.V.2020;14H00;pavés grès;Trottoir;Formulaire
V11;2,1;Halictidae;Lasioglossum;laticeps;female;Lasioglossum_laticeps;1,8;6,1;(Schenck 1868);V. Van Keymeulen;J. Bonnet;V11;Ixelles;Rue Wery, 50;50,8307188;4,37595;50;2,5;2;28.V.2020;14H00;pavés grès;Trottoir;Formulaire
V11;1,1;Halictidae;Lasioglossum;laticeps;female;Lasioglossum_laticeps;1,8;6,1;(Schenck 1868);V. Van Keymeulen;J. Bonnet;V11;Ixelles;Rue Wery, 50;50,8307188;4,37595;50;2,5;2;28.V.2020;14H00;pavés grès;Trottoir;Formulaire
V11;2,1;Halictidae;Lasioglossum;laticeps;female;Lasioglossum_laticeps;1,8;6,1;(Schenck 1868);V. Van Keymeulen;J. Bonnet;V11;Ixelles;Rue Wery, 50;50,8307188;4,37595;50;2,5;2;28.V.2020;14H00;pavés grès;Trottoir;Formulaire
V11;2,1;Halictidae;Lasioglossum;laticeps;female;Lasioglossum_laticeps;1,8;6,1;(Schenck 1868);V. Van Keymeulen;J. Bonnet;V11;Ixelles;Rue Wery, 50;50,8307188;4,37595;50;2,5;2;28.V.2020;14H00;pavés grès;Trottoir;Formulaire
V11;1,1;Halictidae;Lasioglossum;laticeps;female;Lasioglossum_laticeps;1,8;6,1;(Schenck 1868);V. Van Keymeulen;J. Bonnet;V11;Ixelles;Rue Wery, 50;50,8307188;4,37595;50;2,5;2;28.V.2020;14H00;pavés grès;Trottoir;Formulaire
V12;1;Halictidae;Lasioglossum;laticeps;female;Lasioglossum_laticeps;1,9;6,6;(Schenck 1868);V. Van Keymeulen;J. Bonnet;V12;Woluwé-Saint-Lambert;Rue Klakkedelle, 67;50,8483149;4,4443424;7;1,866666667;2,5;28.V.2020;16H00;dalles béton;Trottoir;Formulaire
V12;1;Halictidae;Lasioglossum;laticeps;female;Lasioglossum_laticeps;1,9;6,6;(Schenck 1868);V. Van Keymeulen;J. Bonnet;V12;Woluwé-Saint-Lambert;Rue Klakkedelle, 67;50,8483149;4,4443424;7;1,866666667;2,5;28.V.2020;16H00;dalles béton;Trottoir;Formulaire
V12;1;Halictidae;Lasioglossum;laticeps;female;Lasioglossum_laticeps;1,9;6,6;(Schenck 1868);V. Van Keymeulen;J. Bonnet;V12;Woluwé-Saint-Lambert;Rue Klakkedelle, 67;50,8483149;4,4443424;7;1,866666667;2,5;28.V.2020;16H00;dalles béton;Trottoir;Formulaire
V12;0,7;Halictidae;Lasioglossum;laticeps;female;Lasioglossum_laticeps;1,9;6,6;(Schenck 1868);V. Van Keymeulen;J. Bonnet;V12;Woluwé-Saint-Lambert;Rue Klakkedelle, 67;50,8483149;4,4443424;7;1,866666667;2,5;28.V.2020;16H00;dalles béton;Trottoir;Formulaire
V12;0,7;Halictidae;Lasioglossum;laticeps;female;Lasioglossum_laticeps;1,9;6,6;(Schenck 1868);V. Van Keymeulen;J. Bonnet;V12;Woluwé-Saint-Lambert;Rue Klakkedelle, 67;50,8483149;4,4443424;7;1,866666667;2,5;28.V.2020;16H00;dalles béton;Trottoir;Formulaire
V12;1,2;Halictidae;Lasioglossum;laticeps;female;Lasioglossum_laticeps;1,9;6,6;(Schenck 1868);V. Van Keymeulen;J. Bonnet;V12;Woluwé-Saint-Lambert;Rue Klakkedelle, 67;50,8483149;4,4443424;7;1,866666667;2,5;28.V.2020;16H00;dalles béton;Trottoir;Formulaire
V22;0,7;Halictidae;Lasioglossum;laticeps;female;Lasioglossum_laticeps;1,7;6,8;(Schenck 1868);V. Van Keymeulen;J. Bonnet;V22;Uccle;Rue de l'équateur 19-23;50,7952416;4,3627867;500;9,433962264;2;16.VI.2020;12H00;dalles béton;trottoir_cour;Formulaire
V22;0,9;Halictidae;Lasioglossum;laticeps;female;Lasioglossum_laticeps;1,7;6,8;(Schenck 1868);V. Van Keymeulen;J. Bonnet;V22;Uccle;Rue de l'équateur 19-23;50,7952416;4,3627867;500;9,433962264;2;16.VI.2020;12H00;dalles béton;trottoir_cour;Formulaire
V25;0,9;Halictidae;Lasioglossum;laticeps;female;Lasioglossum_laticeps;1,9;6,7;(Schenck 1868);V. Van Keymeulen;J. Bonnet;V25;Forest;Avenue Besme 74;50,8205518;4,3372623;65;2,063492063;3,5;16.VI.2020;14H30;dalles béton abimées et pavés grès;trottoir;Formulaire
16;0,5;Halictidae;Lasioglossum;sexstrigatum;female;Lasioglossum_sexstrigatum;1,6;5,7;(Schenck 1868);G. Noël;G. Noël;16;Uccle;Avenue de la Floride, 4-8;50,809854;4,365408;10;4;;11.IV.2020;14h30;Dalles béton;Pas de maison_Trottoir;Site_Pot
16;0,5;Halictidae;Lasioglossum;sexstrigatum;female;Lasioglossum_sexstrigatum;1,6;5,7;(Schenck 1868);G. Noël;G. Noël;16;Uccle;Avenue de la Floride, 4-8;50,809854;4,365408;10;4;;11.IV.2020;14h30;Dalles béton;Pas de maison_Trottoir;Site_Pot
16;0,4;Halictidae;Lasioglossum;sexstrigatum;female;Lasioglossum_sexstrigatum;1,6;5,7;(Schenck 1868);G. Noël;G. Noël;16;Uccle;Avenue de la Floride, 4-8;50,809854;4,365408;10;4;;11.IV.2020;14h30;Dalles béton;Pas de maison_Trottoir;Site_Pot
16;0,3;Halictidae;Lasioglossum;sexstrigatum;female;Lasioglossum_sexstrigatum;1,6;5,7;(Schenck 1868);G. Noël;G. Noël;16;Uccle;Avenue de la Floride, 4-8;50,809854;4,365408;10;4;;11.IV.2020;14h30;Dalles béton;Pas de maison_Trottoir;Site_Pot
16;0,5;Halictidae;Lasioglossum;sexstrigatum;female;Lasioglossum_sexstrigatum;1,6;5,7;(Schenck 1868);G. Noël;G. Noël;16;Uccle;Avenue de la Floride, 4-8;50,809854;4,365408;10;4;;11.IV.2020;14h30;Dalles béton;Pas de maison_Trottoir;Site_Pot
24;0,5;Halictidae;Lasioglossum;sexstrigatum;female;Lasioglossum_sexstrigatum;1,7;6;(Schenck 1868);G. Noël;G. Noël;24;Watermael-Boitsfort;Archiducs, Square des Archiducs;50,80999176;4,416213965;30;20;2;15.IV.2020;16h00;Pavés grès;Trottoir;Découverte
24;1,9;Halictidae;Lasioglossum;sexstrigatum;female;Lasioglossum_sexstrigatum;1,7;6;(Schenck 1868);G. Noël;G. Noël;24;Watermael-Boitsfort;Archiducs, Square des Archiducs;50,80999176;4,416213965;30;20;2;15.IV.2020;16h00;Pavés grès;Trottoir;Découverte
24;1,7;Halictidae;Lasioglossum;sexstrigatum;female;Lasioglossum_sexstrigatum;1,7;6;(Schenck 1868);G. Noël;G. Noël;24;Watermael-Boitsfort;Archiducs, Square des Archiducs;50,80999176;4,416213965;30;20;2;15.IV.2020;16h00;Pavés grès;Trottoir;Découverte
24;1,4;Halictidae;Lasioglossum;sexstrigatum;female;Lasioglossum_sexstrigatum;1,7;6;(Schenck 1868);G. Noël;G. Noël;24;Watermael-Boitsfort;Archiducs, Square des Archiducs;50,80999176;4,416213965;30;20;2;15.IV.2020;16h00;Pavés grès;Trottoir;Découverte
24;2,5;Halictidae;Lasioglossum;sexstrigatum;female;Lasioglossum_sexstrigatum;1,7;6;(Schenck 1868);G. Noël;G. Noël;24;Watermael-Boitsfort;Archiducs, Square des Archiducs;50,80999176;4,416213965;30;20;2;15.IV.2020;16h00;Pavés grès;Trottoir;Découverte
24;0,5;Halictidae;Lasioglossum;sexstrigatum;female;Lasioglossum_sexstrigatum;1,7;6;(Schenck 1868);G. Noël;G. Noël;24;Watermael-Boitsfort;Archiducs, Square des Archiducs;50,80999176;4,416213965;30;20;2;15.IV.2020;16h00;Pavés grès;Trottoir;Découverte
26;1,5;Halictidae;Lasioglossum;sexstrigatum;female;Lasioglossum_sexstrigatum;1,5;6;(Schenck 1868);G. Noël;G. Noël;26;Watermael-Boitsfort;Drève des équipages, 34;50,7876884;4,423326;4;3;2;15.IV.2020;17h00;Dalles béton;Trottoir;Découverte
26;1,5;Halictidae;Lasioglossum;sexstrigatum;female;Lasioglossum_sexstrigatum;1,5;6;(Schenck 1868);G. Noël;G. Noël;26;Watermael-Boitsfort;Drève des équipages, 34;50,7876884;4,423326;4;3;2;15.IV.2020;17h00;Dalles béton;Trottoir;Découverte
26;2,5;Halictidae;Lasioglossum;sexstrigatum;female;Lasioglossum_sexstrigatum;1,5;6;(Schenck 1868);G. Noël;G. Noël;26;Watermael-Boitsfort;Drève des équipages, 34;50,7876884;4,423326;4;3;2;15.IV.2020;17h00;Dalles béton;Trottoir;Découverte
26;2,5;Halictidae;Lasioglossum;sexstrigatum;female;Lasioglossum_sexstrigatum;1,5;6;(Schenck 1868);G. Noël;G. Noël;26;Watermael-Boitsfort;Drève des équipages, 34;50,7876884;4,423326;4;3;2;15.IV.2020;17h00;Dalles béton;Trottoir;Découverte
V17;1;Halictidae;Lasioglossum;sexstrigatum;female;Lasioglossum_sexstrigatum;1,9;6,6;(Schenck 1868);V. Van Keymeulen;G. Noël;V17;Watermael-Boitsfort;Avenue Coloniale, 24-26;50,8036385;4,4049056;250;2,525252525;3;03.VI.2020;13H00;dalles béton;trottoir;Formulaire
V17;1,1;Halictidae;Lasioglossum;sexstrigatum;female;Lasioglossum_sexstrigatum;1,9;6,6;(Schenck 1868);V. Van Keymeulen;G. Noël;V17;Watermael-Boitsfort;Avenue Coloniale, 24-26;50,8036385;4,4049056;250;2,525252525;3;03.VI.2020;13H00;dalles béton;trottoir;Formulaire
V17;1,1;Halictidae;Lasioglossum;sexstrigatum;female;Lasioglossum_sexstrigatum;1,9;6,6;(Schenck 1868);V. Van Keymeulen;G. Noël;V17;Watermael-Boitsfort;Avenue Coloniale, 24-26;50,8036385;4,4049056;250;2,525252525;3;03.VI.2020;13H00;dalles béton;trottoir;Formulaire
V25;0,8;Halictidae;Lasioglossum;sexstrigatum;female;Lasioglossum_sexstrigatum;1,9;6,6;(Schenck 1868);V. Van Keymeulen;G. Noël;V25;Forest;Avenue Besme 74;50,8205518;4,3372623;65;2,063492063;3,5;16.VI.2020;14H30;dalles béton abimées et pavés grès;trottoir;Formulaire
G6;1,4;Crabronidae;Philanthus;triangulum;female;Philanthus_triangulum;3,7;14,2;(Fabricius 1775);G. Noël;G. Noël;G6;Schaerbeek;Rue Victor Lefèvre, 5-21;50,8448528;4,3962065;70;50;2;27.V.2020;17H00;pavés grès;Trottoir;Formulaire
G6;1,4;Crabronidae;Philanthus;triangulum;female;Philanthus_triangulum;3,7;14,2;(Fabricius 1775);G. Noël;G. Noël;G6;Schaerbeek;Rue Victor Lefèvre, 5-21;50,8448528;4,3962065;70;50;2;27.V.2020;17H00;pavés grès;Trottoir;Formulaire
G6;1,3;Crabronidae;Philanthus;triangulum;female;Philanthus_triangulum;3,7;14,2;(Fabricius 1775);G. Noël;G. Noël;G6;Schaerbeek;Rue Victor Lefèvre, 5-21;50,8448528;4,3962065;70;50;2;27.V.2020;17H00;pavés grès;Trottoir;Formulaire
G6;1;Crabronidae;Philanthus;triangulum;female;Philanthus_triangulum;3,7;14,2;(Fabricius 1775);G. Noël;G. Noël;G6;Schaerbeek;Rue Victor Lefèvre, 5-21;50,8448528;4,3962065;70;50;2;27.V.2020;17H00;pavés grès;Trottoir;Formulaire
G6;0,8;Crabronidae;Philanthus;triangulum;female;Philanthus_triangulum;3,7;14,2;(Fabricius 1775);G. Noël;G. Noël;G6;Schaerbeek;Rue Victor Lefèvre, 5-21;50,8448528;4,3962065;70;50;2;27.V.2020;17H00;pavés grès;Trottoir;Formulaire
G6;2,5;Crabronidae;Philanthus;triangulum;female;Philanthus_triangulum;3,7;14,2;(Fabricius 1775);G. Noël;G. Noël;G6;Schaerbeek;Rue Victor Lefèvre, 5-21;50,8448528;4,3962065;70;50;2;27.V.2020;17H00;pavés grès;Trottoir;Formulaire
V5;1;Crabronidae;Philanthus;triangulum;female;Philanthus_triangulum;3,7;14;(Fabricius 1775);V. Van Keymeulen;G. Noël;V5;Uccle;Avenue du lycée français 5, 5a;50,7893569;4,3444865;200;3,2;2,5;21.V.2020;13H30;pavés béton carrés;trottoir_pas d'escalier;Formulaire
V5;1;Crabronidae;Philanthus;triangulum;female;Philanthus_triangulum;3,7;14;(Fabricius 1775);V. Van Keymeulen;G. Noël;V5;Uccle;Avenue du lycée français 5, 5a;50,7893569;4,3444865;200;3,2;2,5;21.V.2020;13H30;pavés béton carrés;trottoir_pas d'escalier;Formulaire
V5;1;Crabronidae;Philanthus;triangulum;female;Philanthus_triangulum;3,7;14;(Fabricius 1775);V. Van Keymeulen;G. Noël;V5;Uccle;Avenue du lycée français 5, 5a;50,7893569;4,3444865;200;3,2;2,5;21.V.2020;13H30;pavés béton carrés;trottoir_pas d'escalier;Formulaire
